Project,FileName,LOC,CodeChurn,PrevFixing
zstd-jni-v0.4.4,.gitignore,2,2,0
zstd-jni-v0.4.4,.travis.yml,19,37,0
zstd-jni-v0.4.4,LICENSE,22,29,0
zstd-jni-v0.4.4,README.md,75,446,2
zstd-jni-v0.4.4,project/Build.scala,89,271,2
zstd-jni-v0.4.4,project/build.properties,1,3,0
zstd-jni-v0.4.4,project/plugins.sbt,4,5,0
zstd-jni-v0.4.4,src/main/native/LICENSE,21,26,0
zstd-jni-v0.4.4,src/main/native/Makefile,102,156,1
zstd-jni-v0.4.4,src/main/native/bitstream.h,331,390,0
zstd-jni-v0.4.4,src/main/native/error.h,78,103,0
zstd-jni-v0.4.4,src/main/native/fse.c,1039,5287,3
zstd-jni-v0.4.4,src/main/native/fse.h,245,865,1
zstd-jni-v0.4.4,src/main/native/fse_static.h,241,588,1
zstd-jni-v0.4.4,src/main/native/huff0.c,1458,1770,0
zstd-jni-v0.4.4,src/main/native/huff0.h,77,98,0
zstd-jni-v0.4.4,src/main/native/huff0_static.h,63,81,0
zstd-jni-v0.4.4,src/main/native/jni_inputstream_zstd.c,61,86,2
zstd-jni-v0.4.4,src/main/native/jni_outputstream_zstd.c,84,149,2
zstd-jni-v0.4.4,src/main/native/jni_zstd.c,63,86,0
zstd-jni-v0.4.4,src/main/native/libzstd.pc.in,12,42,0
zstd-jni-v0.4.4,src/main/native/mem.h,246,295,0
zstd-jni-v0.4.4,src/main/native/zstd.h,102,221,1
zstd-jni-v0.4.4,src/main/native/zstd_buffered.c,496,571,0
zstd-jni-v0.4.4,src/main/native/zstd_buffered.h,148,203,0
zstd-jni-v0.4.4,src/main/native/zstd_buffered_static.h,51,50,0
zstd-jni-v0.4.4,src/main/native/zstd_compress.c,1896,2276,0
zstd-jni-v0.4.4,src/main/native/zstd_decompress.c,764,1057,0
zstd-jni-v0.4.4,src/main/native/zstd_internal.h,97,534,0
zstd-jni-v0.4.4,src/main/native/zstd_static.h,253,460,1
zstd-jni-v0.4.4,src/test/resources/xml,55526,0,0
zstd-jni-v0.4.4,src/test/resources/xml.zst,14761,0,0
zstd-jni-v0.4.4,src/test/scala/Perf.scala,85,184,0
zstd-jni-v0.4.4,src/test/scala/Zstd.scala,81,270,0
zstd-jni-v0.4.4,src/main/java/com/github/luben/zstd/Zstd.java,95,137,0
zstd-jni-v0.4.4,src/main/java/com/github/luben/zstd/ZstdInputStream.java,135,242,1
zstd-jni-v0.4.4,src/main/java/com/github/luben/zstd/ZstdOutputStream.java,114,208,1
zstd-jni-v0.4.4,src/main/java/com/github/luben/zstd/util/Native.java,82,107,0
zstd-jni-v1.3.0-1,.gitignore,3,3,0
zstd-jni-v1.3.0-1,.travis.yml,18,209,5
zstd-jni-v1.3.0-1,LICENSE,20,36,0
zstd-jni-v1.3.0-1,README.md,73,611,5
zstd-jni-v1.3.0-1,appveyor.yml,42,157,14
zstd-jni-v1.3.0-1,build.sbt,134,357,7
zstd-jni-v1.3.0-1,codecov.yml,6,6,0
zstd-jni-v1.3.0-1,project/build.properties,1,11,0
zstd-jni-v1.3.0-1,project/plugins.sbt,4,11,0
zstd-jni-v1.3.0-1,src/main/native/LICENSE,23,48,0
zstd-jni-v1.3.0-1,src/main/native/PATENTS,28,33,0
zstd-jni-v1.3.0-1,src/main/native/jni_directbuffercompress_zstd.c,106,123,0
zstd-jni-v1.3.0-1,src/main/native/jni_directbufferdecompress_zstd.c,70,0,0
zstd-jni-v1.3.0-1,src/main/native/jni_fast_zstd.c,179,296,1
zstd-jni-v1.3.0-1,src/main/native/jni_inputstream_zstd.c,82,450,7
zstd-jni-v1.3.0-1,src/main/native/jni_outputstream_zstd.c,104,635,7
zstd-jni-v1.3.0-1,src/main/native/jni_zdict.c,43,49,0
zstd-jni-v1.3.0-1,src/main/native/jni_zstd.c,284,518,2
zstd-jni-v1.3.0-1,src/main/native/zstd.h,965,2402,1
zstd-jni-v1.3.0-1,src/test/resources/xml,55526,0,0
zstd-jni-v1.3.0-1,src/test/resources/xml-1.zst,19252,0,3
zstd-jni-v1.3.0-1,src/test/resources/xml-16.zst,13385,0,0
zstd-jni-v1.3.0-1,src/test/resources/xml-1x2.zst,38515,0,1
zstd-jni-v1.3.0-1,src/test/resources/xml-3.zst,17817,0,3
zstd-jni-v1.3.0-1,src/test/resources/xml-6.zst,16305,0,1
zstd-jni-v1.3.0-1,src/test/resources/xml-9.zst,14786,0,1
zstd-jni-v1.3.0-1,src/test/resources/xml_v04.zst,19434,0,0
zstd-jni-v1.3.0-1,src/test/resources/xml_v05.zst,19665,0,0
zstd-jni-v1.3.0-1,src/test/resources/xml_v06.zst,19398,0,0
zstd-jni-v1.3.0-1,src/test/resources/xml_v07.zst,19264,0,0
zstd-jni-v1.3.0-1,src/test/resources/xmlx2,111051,0,0
zstd-jni-v1.3.0-1,src/test/scala/Perf.scala,148,313,5
zstd-jni-v1.3.0-1,src/test/scala/Zstd.scala,586,1201,15
zstd-jni-v1.3.0-1,src/test/scala/ZstdDict.scala,165,191,0
zstd-jni-v1.3.0-1,src/windows/include/jni_md.h,11,15,2
zstd-jni-v1.3.0-1,src/main/native/common/bitstream.h,398,189,0
zstd-jni-v1.3.0-1,src/main/native/common/entropy_common.c,194,355,0
zstd-jni-v1.3.0-1,src/main/native/common/error_private.c,44,51,0
zstd-jni-v1.3.0-1,src/main/native/common/error_private.h,57,89,0
zstd-jni-v1.3.0-1,src/main/native/common/fse.h,554,507,0
zstd-jni-v1.3.0-1,src/main/native/common/fse_decompress.c,262,400,0
zstd-jni-v1.3.0-1,src/main/native/common/huf.h,247,354,0
zstd-jni-v1.3.0-1,src/main/native/common/mem.h,306,280,0
zstd-jni-v1.3.0-1,src/main/native/common/pool.c,183,206,0
zstd-jni-v1.3.0-1,src/main/native/common/pool.h,49,61,0
zstd-jni-v1.3.0-1,src/main/native/common/threading.c,63,89,0
zstd-jni-v1.3.0-1,src/main/native/common/threading.h,81,106,0
zstd-jni-v1.3.0-1,src/main/native/common/xxhash.c,716,907,0
zstd-jni-v1.3.0-1,src/main/native/common/xxhash.h,243,405,0
zstd-jni-v1.3.0-1,src/main/native/common/zstd_common.c,65,206,0
zstd-jni-v1.3.0-1,src/main/native/common/zstd_errors.h,73,48,0
zstd-jni-v1.3.0-1,src/main/native/common/zstd_internal.h,282,359,0
zstd-jni-v1.3.0-1,src/main/native/compress/fse_compress.c,722,674,0
zstd-jni-v1.3.0-1,src/main/native/compress/huf_compress.c,584,1160,0
zstd-jni-v1.3.0-1,src/main/native/compress/zstd_compress.c,3698,5954,0
zstd-jni-v1.3.0-1,src/main/native/compress/zstd_opt.h,788,1057,0
zstd-jni-v1.3.0-1,src/main/native/compress/zstdmt_compress.c,843,1343,0
zstd-jni-v1.3.0-1,src/main/native/compress/zstdmt_compress.h,83,140,0
zstd-jni-v1.3.0-1,src/main/native/decompress/huf_decompress.c,848,1872,0
zstd-jni-v1.3.0-1,src/main/native/decompress/zstd_decompress.c,2208,4571,0
zstd-jni-v1.3.0-1,src/main/native/dictBuilder/cover.c,988,1152,0
zstd-jni-v1.3.0-1,src/main/native/dictBuilder/divsufsort.c,1718,1913,0
zstd-jni-v1.3.0-1,src/main/native/dictBuilder/divsufsort.h,58,77,0
zstd-jni-v1.3.0-1,src/main/native/dictBuilder/zdict.c,931,2128,0
zstd-jni-v1.3.0-1,src/main/native/dictBuilder/zdict.h,182,608,0
zstd-jni-v1.3.0-1,src/main/native/legacy/zstd_legacy.h,354,388,0
zstd-jni-v1.3.0-1,src/main/native/legacy/zstd_v04.c,3202,5389,0
zstd-jni-v1.3.0-1,src/main/native/legacy/zstd_v04.h,111,202,0
zstd-jni-v1.3.0-1,src/main/native/legacy/zstd_v05.c,3408,5684,0
zstd-jni-v1.3.0-1,src/main/native/legacy/zstd_v05.h,126,238,0
zstd-jni-v1.3.0-1,src/main/native/legacy/zstd_v06.c,3488,5181,0
zstd-jni-v1.3.0-1,src/main/native/legacy/zstd_v06.h,131,302,0
zstd-jni-v1.3.0-1,src/main/native/legacy/zstd_v07.c,3816,5551,0
zstd-jni-v1.3.0-1,src/main/native/legacy/zstd_v07.h,146,303,0
zstd-jni-v1.3.0-1,src/main/java/com/github/luben/zstd/Zstd.java,875,1400,2
zstd-jni-v1.3.0-1,src/main/java/com/github/luben/zstd/ZstdDictCompress.java,48,86,1
zstd-jni-v1.3.0-1,src/main/java/com/github/luben/zstd/ZstdDictDecompress.java,47,89,1
zstd-jni-v1.3.0-1,src/main/java/com/github/luben/zstd/ZstdDirectBufferCompressingStream.java,123,152,2
zstd-jni-v1.3.0-1,src/main/java/com/github/luben/zstd/ZstdDirectBufferDecompressingStream.java,101,158,2
zstd-jni-v1.3.0-1,src/main/java/com/github/luben/zstd/ZstdInputStream.java,159,1032,8
zstd-jni-v1.3.0-1,src/main/java/com/github/luben/zstd/ZstdOutputStream.java,128,538,7
zstd-jni-v1.3.0-1,src/main/java/com/github/luben/zstd/util/Native.java,116,172,1
zstd-jni-v1.3.2-2,.gitignore,3,3,0
zstd-jni-v1.3.2-2,.travis.yml,18,209,5
zstd-jni-v1.3.2-2,CMakeLists.txt,3,4,0
zstd-jni-v1.3.2-2,LICENSE,20,36,0
zstd-jni-v1.3.2-2,README.md,73,639,5
zstd-jni-v1.3.2-2,appveyor.yml,42,157,14
zstd-jni-v1.3.2-2,build.sbt,134,365,7
zstd-jni-v1.3.2-2,codecov.yml,6,6,0
zstd-jni-v1.3.2-2,project/build.properties,1,13,0
zstd-jni-v1.3.2-2,project/plugins.sbt,4,11,0
zstd-jni-v1.3.2-2,src/main/native/CMakeLists.txt,44,51,0
zstd-jni-v1.3.2-2,src/main/native/COPYING,281,339,0
zstd-jni-v1.3.2-2,src/main/native/LICENSE,23,48,0
zstd-jni-v1.3.2-2,src/main/native/Makefile,156,525,1
zstd-jni-v1.3.2-2,src/main/native/README.md,79,108,0
zstd-jni-v1.3.2-2,src/main/native/jni_directbuffercompress_zstd.c,106,123,0
zstd-jni-v1.3.2-2,src/main/native/jni_directbufferdecompress_zstd.c,70,0,0
zstd-jni-v1.3.2-2,src/main/native/jni_fast_zstd.c,179,296,1
zstd-jni-v1.3.2-2,src/main/native/jni_inputstream_zstd.c,82,450,7
zstd-jni-v1.3.2-2,src/main/native/jni_outputstream_zstd.c,104,635,7
zstd-jni-v1.3.2-2,src/main/native/jni_zdict.c,43,49,0
zstd-jni-v1.3.2-2,src/main/native/jni_zstd.c,284,518,2
zstd-jni-v1.3.2-2,src/main/native/zstd.h,1185,2916,1
zstd-jni-v1.3.2-2,src/test/resources/xml,55526,0,0
zstd-jni-v1.3.2-2,src/test/resources/xml-1.zst,19252,0,3
zstd-jni-v1.3.2-2,src/test/resources/xml-16.zst,13385,0,0
zstd-jni-v1.3.2-2,src/test/resources/xml-1x2.zst,38515,0,1
zstd-jni-v1.3.2-2,src/test/resources/xml-3.zst,17817,0,3
zstd-jni-v1.3.2-2,src/test/resources/xml-6.zst,16305,0,1
zstd-jni-v1.3.2-2,src/test/resources/xml-9.zst,14786,0,1
zstd-jni-v1.3.2-2,src/test/resources/xml_v04.zst,19434,0,0
zstd-jni-v1.3.2-2,src/test/resources/xml_v05.zst,19665,0,0
zstd-jni-v1.3.2-2,src/test/resources/xml_v06.zst,19398,0,0
zstd-jni-v1.3.2-2,src/test/resources/xml_v07.zst,19264,0,0
zstd-jni-v1.3.2-2,src/test/resources/xmlx2,111051,0,0
zstd-jni-v1.3.2-2,src/test/scala/Perf.scala,148,313,5
zstd-jni-v1.3.2-2,src/test/scala/Zstd.scala,586,1201,15
zstd-jni-v1.3.2-2,src/test/scala/ZstdDict.scala,165,191,0
zstd-jni-v1.3.2-2,src/windows/include/jni_md.h,11,15,2
zstd-jni-v1.3.2-2,src/main/native/common/bitstream.h,410,328,0
zstd-jni-v1.3.2-2,src/main/native/common/compiler.h,78,86,0
zstd-jni-v1.3.2-2,src/main/native/common/entropy_common.c,194,355,0
zstd-jni-v1.3.2-2,src/main/native/common/error_private.c,44,75,0
zstd-jni-v1.3.2-2,src/main/native/common/error_private.h,57,105,0
zstd-jni-v1.3.2-2,src/main/native/common/fse.h,560,525,0
zstd-jni-v1.3.2-2,src/main/native/common/fse_decompress.c,245,425,0
zstd-jni-v1.3.2-2,src/main/native/common/huf.h,248,367,0
zstd-jni-v1.3.2-2,src/main/native/common/mem.h,307,293,0
zstd-jni-v1.3.2-2,src/main/native/common/pool.c,223,401,0
zstd-jni-v1.3.2-2,src/main/native/common/pool.h,51,85,0
zstd-jni-v1.3.2-2,src/main/native/common/threading.c,60,115,0
zstd-jni-v1.3.2-2,src/main/native/common/threading.h,97,201,0
zstd-jni-v1.3.2-2,src/main/native/common/xxhash.c,718,957,0
zstd-jni-v1.3.2-2,src/main/native/common/xxhash.h,243,405,0
zstd-jni-v1.3.2-2,src/main/native/common/zstd_common.c,65,218,0
zstd-jni-v1.3.2-2,src/main/native/common/zstd_errors.h,73,114,0
zstd-jni-v1.3.2-2,src/main/native/common/zstd_internal.h,341,588,0
zstd-jni-v1.3.2-2,src/main/native/compress/fse_compress.c,708,704,0
zstd-jni-v1.3.2-2,src/main/native/compress/huf_compress.c,586,1174,0
zstd-jni-v1.3.2-2,src/main/native/compress/zstd_compress.c,2665,9596,0
zstd-jni-v1.3.2-2,src/main/native/compress/zstd_compress.h,270,307,0
zstd-jni-v1.3.2-2,src/main/native/compress/zstd_double_fast.c,276,308,0
zstd-jni-v1.3.2-2,src/main/native/compress/zstd_double_fast.h,22,28,0
zstd-jni-v1.3.2-2,src/main/native/compress/zstd_fast.c,216,242,0
zstd-jni-v1.3.2-2,src/main/native/compress/zstd_fast.h,24,30,0
zstd-jni-v1.3.2-2,src/main/native/compress/zstd_lazy.c,656,749,0
zstd-jni-v1.3.2-2,src/main/native/compress/zstd_lazy.h,30,38,0
zstd-jni-v1.3.2-2,src/main/native/compress/zstd_ldm.c,621,707,0
zstd-jni-v1.3.2-2,src/main/native/compress/zstd_ldm.h,55,67,0
zstd-jni-v1.3.2-2,src/main/native/compress/zstd_opt.c,807,957,0
zstd-jni-v1.3.2-2,src/main/native/compress/zstd_opt.h,23,2227,0
zstd-jni-v1.3.2-2,src/main/native/compress/zstdmt_compress.c,981,2065,0
zstd-jni-v1.3.2-2,src/main/native/compress/zstdmt_compress.h,97,182,0
zstd-jni-v1.3.2-2,src/main/native/decompress/huf_decompress.c,834,1904,0
zstd-jni-v1.3.2-2,src/main/native/decompress/zstd_decompress.c,2349,5350,0
zstd-jni-v1.3.2-2,src/main/native/dictBuilder/cover.c,997,1223,0
zstd-jni-v1.3.2-2,src/main/native/dictBuilder/divsufsort.c,1718,1913,0
zstd-jni-v1.3.2-2,src/main/native/dictBuilder/divsufsort.h,58,77,0
zstd-jni-v1.3.2-2,src/main/native/dictBuilder/zdict.c,934,2151,0
zstd-jni-v1.3.2-2,src/main/native/dictBuilder/zdict.h,183,617,0
zstd-jni-v1.3.2-2,src/main/native/legacy/zstd_legacy.h,359,401,0
zstd-jni-v1.3.2-2,src/main/native/legacy/zstd_v04.c,3203,5400,0
zstd-jni-v1.3.2-2,src/main/native/legacy/zstd_v04.h,112,211,0
zstd-jni-v1.3.2-2,src/main/native/legacy/zstd_v05.c,3409,5695,0
zstd-jni-v1.3.2-2,src/main/native/legacy/zstd_v05.h,127,247,0
zstd-jni-v1.3.2-2,src/main/native/legacy/zstd_v06.c,3489,5192,0
zstd-jni-v1.3.2-2,src/main/native/legacy/zstd_v06.h,132,311,0
zstd-jni-v1.3.2-2,src/main/native/legacy/zstd_v07.c,3817,5560,0
zstd-jni-v1.3.2-2,src/main/native/legacy/zstd_v07.h,147,312,0
zstd-jni-v1.3.2-2,src/main/java/com/github/luben/zstd/Zstd.java,875,1400,2
zstd-jni-v1.3.2-2,src/main/java/com/github/luben/zstd/ZstdDictCompress.java,48,86,1
zstd-jni-v1.3.2-2,src/main/java/com/github/luben/zstd/ZstdDictDecompress.java,47,89,1
zstd-jni-v1.3.2-2,src/main/java/com/github/luben/zstd/ZstdDirectBufferCompressingStream.java,123,152,2
zstd-jni-v1.3.2-2,src/main/java/com/github/luben/zstd/ZstdDirectBufferDecompressingStream.java,101,158,2
zstd-jni-v1.3.2-2,src/main/java/com/github/luben/zstd/ZstdInputStream.java,159,1032,8
zstd-jni-v1.3.2-2,src/main/java/com/github/luben/zstd/ZstdOutputStream.java,128,538,7
zstd-jni-v1.3.2-2,src/main/java/com/github/luben/zstd/util/Native.java,116,172,1
zstd-jni-v1.3.3-1,.gitignore,3,3,0
zstd-jni-v1.3.3-1,.travis.yml,25,235,7
zstd-jni-v1.3.3-1,CMakeLists.txt,3,4,0
zstd-jni-v1.3.3-1,LICENSE,20,36,0
zstd-jni-v1.3.3-1,README.md,73,639,5
zstd-jni-v1.3.3-1,appveyor.yml,42,157,14
zstd-jni-v1.3.3-1,build.sbt,136,378,7
zstd-jni-v1.3.3-1,codecov.yml,6,6,0
zstd-jni-v1.3.3-1,project/build.properties,1,13,0
zstd-jni-v1.3.3-1,project/plugins.sbt,4,11,0
zstd-jni-v1.3.3-1,src/main/native/CMakeLists.txt,44,51,0
zstd-jni-v1.3.3-1,src/main/native/COPYING,281,339,0
zstd-jni-v1.3.3-1,src/main/native/LICENSE,23,48,0
zstd-jni-v1.3.3-1,src/main/native/Makefile,156,525,1
zstd-jni-v1.3.3-1,src/main/native/README.md,79,108,0
zstd-jni-v1.3.3-1,src/main/native/jni_directbuffercompress_zstd.c,106,123,0
zstd-jni-v1.3.3-1,src/main/native/jni_directbufferdecompress_zstd.c,70,0,0
zstd-jni-v1.3.3-1,src/main/native/jni_fast_zstd.c,179,296,1
zstd-jni-v1.3.3-1,src/main/native/jni_inputstream_zstd.c,82,450,7
zstd-jni-v1.3.3-1,src/main/native/jni_outputstream_zstd.c,104,635,7
zstd-jni-v1.3.3-1,src/main/native/jni_zdict.c,65,78,2
zstd-jni-v1.3.3-1,src/main/native/jni_zstd.c,322,558,2
zstd-jni-v1.3.3-1,src/main/native/zstd.h,1198,2989,1
zstd-jni-v1.3.3-1,src/test/resources/xml,55526,0,0
zstd-jni-v1.3.3-1,src/test/resources/xml-1.zst,19252,0,3
zstd-jni-v1.3.3-1,src/test/resources/xml-16.zst,13058,0,0
zstd-jni-v1.3.3-1,src/test/resources/xml-1x2.zst,38503,0,1
zstd-jni-v1.3.3-1,src/test/resources/xml-3.zst,17817,0,3
zstd-jni-v1.3.3-1,src/test/resources/xml-6.zst,16305,0,1
zstd-jni-v1.3.3-1,src/test/resources/xml-9.zst,14786,0,1
zstd-jni-v1.3.3-1,src/test/resources/xml_v04.zst,19434,0,0
zstd-jni-v1.3.3-1,src/test/resources/xml_v05.zst,19665,0,0
zstd-jni-v1.3.3-1,src/test/resources/xml_v06.zst,19398,0,0
zstd-jni-v1.3.3-1,src/test/resources/xml_v07.zst,19264,0,0
zstd-jni-v1.3.3-1,src/test/resources/xmlx2,111051,0,0
zstd-jni-v1.3.3-1,src/test/scala/Perf.scala,148,313,5
zstd-jni-v1.3.3-1,src/test/scala/Zstd.scala,601,1218,15
zstd-jni-v1.3.3-1,src/test/scala/ZstdDict.scala,179,210,1
zstd-jni-v1.3.3-1,src/windows/include/jni_md.h,11,15,2
zstd-jni-v1.3.3-1,src/main/native/common/bitstream.h,410,330,0
zstd-jni-v1.3.3-1,src/main/native/common/compiler.h,78,86,0
zstd-jni-v1.3.3-1,src/main/native/common/entropy_common.c,194,355,0
zstd-jni-v1.3.3-1,src/main/native/common/error_private.c,44,75,0
zstd-jni-v1.3.3-1,src/main/native/common/error_private.h,57,105,0
zstd-jni-v1.3.3-1,src/main/native/common/fse.h,560,525,0
zstd-jni-v1.3.3-1,src/main/native/common/fse_decompress.c,245,425,0
zstd-jni-v1.3.3-1,src/main/native/common/huf.h,248,367,0
zstd-jni-v1.3.3-1,src/main/native/common/mem.h,309,321,0
zstd-jni-v1.3.3-1,src/main/native/common/pool.c,222,404,0
zstd-jni-v1.3.3-1,src/main/native/common/pool.h,51,85,0
zstd-jni-v1.3.3-1,src/main/native/common/threading.c,60,115,0
zstd-jni-v1.3.3-1,src/main/native/common/threading.h,97,201,0
zstd-jni-v1.3.3-1,src/main/native/common/xxhash.c,718,957,0
zstd-jni-v1.3.3-1,src/main/native/common/xxhash.h,243,405,0
zstd-jni-v1.3.3-1,src/main/native/common/zstd_common.c,70,232,0
zstd-jni-v1.3.3-1,src/main/native/common/zstd_errors.h,73,114,0
zstd-jni-v1.3.3-1,src/main/native/common/zstd_internal.h,246,810,0
zstd-jni-v1.3.3-1,src/main/native/compress/fse_compress.c,708,704,0
zstd-jni-v1.3.3-1,src/main/native/compress/huf_compress.c,586,1174,0
zstd-jni-v1.3.3-1,src/main/native/compress/zstd_compress.c,2768,10367,0
zstd-jni-v1.3.3-1,src/main/native/compress/zstd_compress.h,270,307,0
zstd-jni-v1.3.3-1,src/main/native/compress/zstd_compress_internal.h,404,462,0
zstd-jni-v1.3.3-1,src/main/native/compress/zstd_double_fast.c,277,309,0
zstd-jni-v1.3.3-1,src/main/native/compress/zstd_double_fast.h,23,33,0
zstd-jni-v1.3.3-1,src/main/native/compress/zstd_fast.c,217,243,0
zstd-jni-v1.3.3-1,src/main/native/compress/zstd_fast.h,25,35,0
zstd-jni-v1.3.3-1,src/main/native/compress/zstd_lazy.c,671,865,0
zstd-jni-v1.3.3-1,src/main/native/compress/zstd_lazy.h,31,43,0
zstd-jni-v1.3.3-1,src/main/native/compress/zstd_ldm.c,621,707,0
zstd-jni-v1.3.3-1,src/main/native/compress/zstd_ldm.h,56,72,0
zstd-jni-v1.3.3-1,src/main/native/compress/zstd_opt.c,688,2137,0
zstd-jni-v1.3.3-1,src/main/native/compress/zstd_opt.h,23,2231,0
zstd-jni-v1.3.3-1,src/main/native/compress/zstdmt_compress.c,1028,2275,0
zstd-jni-v1.3.3-1,src/main/native/compress/zstdmt_compress.h,104,204,0
zstd-jni-v1.3.3-1,src/main/native/decompress/huf_decompress.c,834,1904,0
zstd-jni-v1.3.3-1,src/main/native/decompress/zstd_decompress.c,2359,5422,0
zstd-jni-v1.3.3-1,src/main/native/dictBuilder/cover.c,997,1223,0
zstd-jni-v1.3.3-1,src/main/native/dictBuilder/divsufsort.c,1718,1913,0
zstd-jni-v1.3.3-1,src/main/native/dictBuilder/divsufsort.h,58,77,0
zstd-jni-v1.3.3-1,src/main/native/dictBuilder/zdict.c,934,2153,0
zstd-jni-v1.3.3-1,src/main/native/dictBuilder/zdict.h,183,617,0
zstd-jni-v1.3.3-1,src/main/native/legacy/zstd_legacy.h,359,401,0
zstd-jni-v1.3.3-1,src/main/native/legacy/zstd_v04.c,3143,5473,0
zstd-jni-v1.3.3-1,src/main/native/legacy/zstd_v04.h,112,211,0
zstd-jni-v1.3.3-1,src/main/native/legacy/zstd_v05.c,3349,5769,0
zstd-jni-v1.3.3-1,src/main/native/legacy/zstd_v05.h,127,247,0
zstd-jni-v1.3.3-1,src/main/native/legacy/zstd_v06.c,3425,5270,0
zstd-jni-v1.3.3-1,src/main/native/legacy/zstd_v06.h,132,311,0
zstd-jni-v1.3.3-1,src/main/native/legacy/zstd_v07.c,3753,5638,0
zstd-jni-v1.3.3-1,src/main/native/legacy/zstd_v07.h,147,312,0
zstd-jni-v1.3.3-1,src/main/java/com/github/luben/zstd/Zstd.java,928,1458,3
zstd-jni-v1.3.3-1,src/main/java/com/github/luben/zstd/ZstdDictCompress.java,48,86,1
zstd-jni-v1.3.3-1,src/main/java/com/github/luben/zstd/ZstdDictDecompress.java,47,89,1
zstd-jni-v1.3.3-1,src/main/java/com/github/luben/zstd/ZstdDictTrainer.java,52,61,1
zstd-jni-v1.3.3-1,src/main/java/com/github/luben/zstd/ZstdDirectBufferCompressingStream.java,123,152,2
zstd-jni-v1.3.3-1,src/main/java/com/github/luben/zstd/ZstdDirectBufferDecompressingStream.java,101,158,2
zstd-jni-v1.3.3-1,src/main/java/com/github/luben/zstd/ZstdInputStream.java,159,1032,8
zstd-jni-v1.3.3-1,src/main/java/com/github/luben/zstd/ZstdOutputStream.java,128,538,7
zstd-jni-v1.3.3-1,src/main/java/com/github/luben/zstd/util/Native.java,116,172,1
zstd-jni-v1.3.4-1,.gitignore,10,12,0
zstd-jni-v1.3.4-1,.travis.yml,18,253,9
zstd-jni-v1.3.4-1,CMakeLists.txt,9,13,0
zstd-jni-v1.3.4-1,LICENSE,20,36,0
zstd-jni-v1.3.4-1,README.md,80,651,5
zstd-jni-v1.3.4-1,appveyor.yml,42,157,14
zstd-jni-v1.3.4-1,build.gradle,43,57,0
zstd-jni-v1.3.4-1,build.sbt,136,390,10
zstd-jni-v1.3.4-1,codecov.yml,6,6,0
zstd-jni-v1.3.4-1,make_so.sh,19,21,0
zstd-jni-v1.3.4-1,sbt,490,578,0
zstd-jni-v1.3.4-1,jni/README,2,2,0
zstd-jni-v1.3.4-1,jni/jni.h,1755,1960,0
zstd-jni-v1.3.4-1,jni/jni_md.h,45,51,0
zstd-jni-v1.3.4-1,project/build.properties,1,13,0
zstd-jni-v1.3.4-1,project/plugins.sbt,4,11,0
zstd-jni-v1.3.4-1,src/main/AndroidManifest.xml,2,2,0
zstd-jni-v1.3.4-1,src/main/native/CMakeLists.txt,51,60,0
zstd-jni-v1.3.4-1,src/main/native/COPYING,281,339,0
zstd-jni-v1.3.4-1,src/main/native/LICENSE,23,48,0
zstd-jni-v1.3.4-1,src/main/native/Makefile,156,525,1
zstd-jni-v1.3.4-1,src/main/native/README.md,84,165,0
zstd-jni-v1.3.4-1,src/main/native/jni_directbuffercompress_zstd.c,106,123,0
zstd-jni-v1.3.4-1,src/main/native/jni_directbufferdecompress_zstd.c,70,0,0
zstd-jni-v1.3.4-1,src/main/native/jni_fast_zstd.c,179,296,1
zstd-jni-v1.3.4-1,src/main/native/jni_inputstream_zstd.c,82,450,7
zstd-jni-v1.3.4-1,src/main/native/jni_outputstream_zstd.c,104,635,7
zstd-jni-v1.3.4-1,src/main/native/jni_zdict.c,64,80,3
zstd-jni-v1.3.4-1,src/main/native/jni_zstd.c,318,563,2
zstd-jni-v1.3.4-1,src/main/native/zstd.h,1187,3497,1
zstd-jni-v1.3.4-1,src/test/resources/xml,55526,0,0
zstd-jni-v1.3.4-1,src/test/resources/xml-1.zst,19252,0,3
zstd-jni-v1.3.4-1,src/test/resources/xml-16.zst,13058,0,0
zstd-jni-v1.3.4-1,src/test/resources/xml-1x2.zst,38503,0,1
zstd-jni-v1.3.4-1,src/test/resources/xml-3.zst,17817,0,3
zstd-jni-v1.3.4-1,src/test/resources/xml-6.zst,16305,0,1
zstd-jni-v1.3.4-1,src/test/resources/xml-9.zst,14786,0,1
zstd-jni-v1.3.4-1,src/test/resources/xml_v04.zst,19434,0,0
zstd-jni-v1.3.4-1,src/test/resources/xml_v05.zst,19665,0,0
zstd-jni-v1.3.4-1,src/test/resources/xml_v06.zst,19398,0,0
zstd-jni-v1.3.4-1,src/test/resources/xml_v07.zst,19264,0,0
zstd-jni-v1.3.4-1,src/test/resources/xmlx2,111051,0,0
zstd-jni-v1.3.4-1,src/test/scala/Perf.scala,148,322,5
zstd-jni-v1.3.4-1,src/test/scala/Zstd.scala,601,1218,15
zstd-jni-v1.3.4-1,src/test/scala/ZstdDict.scala,179,210,1
zstd-jni-v1.3.4-1,src/windows/include/jni_md.h,11,15,2
zstd-jni-v1.3.4-1,src/main/native/common/bitstream.h,410,332,0
zstd-jni-v1.3.4-1,src/main/native/common/compiler.h,101,111,0
zstd-jni-v1.3.4-1,src/main/native/common/cpu.h,204,216,0
zstd-jni-v1.3.4-1,src/main/native/common/entropy_common.c,194,355,0
zstd-jni-v1.3.4-1,src/main/native/common/error_private.c,45,76,0
zstd-jni-v1.3.4-1,src/main/native/common/error_private.h,57,105,0
zstd-jni-v1.3.4-1,src/main/native/common/fse.h,560,527,0
zstd-jni-v1.3.4-1,src/main/native/common/fse_decompress.c,245,429,0
zstd-jni-v1.3.4-1,src/main/native/common/huf.h,271,570,0
zstd-jni-v1.3.4-1,src/main/native/common/mem.h,309,321,0
zstd-jni-v1.3.4-1,src/main/native/common/pool.c,244,467,0
zstd-jni-v1.3.4-1,src/main/native/common/pool.h,58,112,0
zstd-jni-v1.3.4-1,src/main/native/common/threading.c,60,115,0
zstd-jni-v1.3.4-1,src/main/native/common/threading.h,97,225,0
zstd-jni-v1.3.4-1,src/main/native/common/xxhash.c,718,957,0
zstd-jni-v1.3.4-1,src/main/native/common/xxhash.h,243,405,0
zstd-jni-v1.3.4-1,src/main/native/common/zstd_common.c,70,232,0
zstd-jni-v1.3.4-1,src/main/native/common/zstd_errors.h,82,137,0
zstd-jni-v1.3.4-1,src/main/native/common/zstd_internal.h,245,819,0
zstd-jni-v1.3.4-1,src/main/native/compress/fse_compress.c,716,734,0
zstd-jni-v1.3.4-1,src/main/native/compress/huf_compress.c,676,1396,0
zstd-jni-v1.3.4-1,src/main/native/compress/zstd_compress.c,3072,11984,0
zstd-jni-v1.3.4-1,src/main/native/compress/zstd_compress.h,270,307,0
zstd-jni-v1.3.4-1,src/main/native/compress/zstd_compress_internal.h,628,777,0
zstd-jni-v1.3.4-1,src/main/native/compress/zstd_double_fast.c,295,451,0
zstd-jni-v1.3.4-1,src/main/native/compress/zstd_double_fast.h,29,48,0
zstd-jni-v1.3.4-1,src/main/native/compress/zstd_fast.c,235,401,0
zstd-jni-v1.3.4-1,src/main/native/compress/zstd_fast.h,29,51,0
zstd-jni-v1.3.4-1,src/main/native/compress/zstd_lazy.c,717,1472,0
zstd-jni-v1.3.4-1,src/main/native/compress/zstd_lazy.h,47,92,0
zstd-jni-v1.3.4-1,src/main/native/compress/zstd_ldm.c,603,1371,0
zstd-jni-v1.3.4-1,src/main/native/compress/zstd_ldm.h,96,157,0
zstd-jni-v1.3.4-1,src/main/native/compress/zstd_opt.c,814,2387,0
zstd-jni-v1.3.4-1,src/main/native/compress/zstd_opt.h,34,2253,0
zstd-jni-v1.3.4-1,src/main/native/compress/zstdmt_compress.c,1643,3855,0
zstd-jni-v1.3.4-1,src/main/native/compress/zstdmt_compress.h,117,252,0
zstd-jni-v1.3.4-1,src/main/native/decompress/huf_decompress.c,923,2584,0
zstd-jni-v1.3.4-1,src/main/native/decompress/zstd_decompress.c,2656,6638,0
zstd-jni-v1.3.4-1,src/main/native/dictBuilder/cover.c,998,1242,0
zstd-jni-v1.3.4-1,src/main/native/dictBuilder/divsufsort.c,1718,1913,0
zstd-jni-v1.3.4-1,src/main/native/dictBuilder/divsufsort.h,58,77,0
zstd-jni-v1.3.4-1,src/main/native/dictBuilder/zdict.c,967,2286,0
zstd-jni-v1.3.4-1,src/main/native/dictBuilder/zdict.h,184,704,0
zstd-jni-v1.3.4-1,src/main/native/legacy/zstd_legacy.h,359,401,0
zstd-jni-v1.3.4-1,src/main/native/legacy/zstd_v04.c,3079,5633,0
zstd-jni-v1.3.4-1,src/main/native/legacy/zstd_v04.h,112,211,0
zstd-jni-v1.3.4-1,src/main/native/legacy/zstd_v05.c,3349,5769,0
zstd-jni-v1.3.4-1,src/main/native/legacy/zstd_v05.h,127,247,0
zstd-jni-v1.3.4-1,src/main/native/legacy/zstd_v06.c,3425,5274,0
zstd-jni-v1.3.4-1,src/main/native/legacy/zstd_v06.h,132,311,0
zstd-jni-v1.3.4-1,src/main/native/legacy/zstd_v07.c,3753,5642,0
zstd-jni-v1.3.4-1,src/main/native/legacy/zstd_v07.h,147,312,0
zstd-jni-v1.3.4-1,src/androidTest/java/com/github/luben/zstd/LoadTest.java,18,21,0
zstd-jni-v1.3.4-1,src/main/java/com/github/luben/zstd/Zstd.java,927,1469,3
zstd-jni-v1.3.4-1,src/main/java/com/github/luben/zstd/ZstdDictCompress.java,48,86,1
zstd-jni-v1.3.4-1,src/main/java/com/github/luben/zstd/ZstdDictDecompress.java,47,89,1
zstd-jni-v1.3.4-1,src/main/java/com/github/luben/zstd/ZstdDictTrainer.java,52,61,1
zstd-jni-v1.3.4-1,src/main/java/com/github/luben/zstd/ZstdDirectBufferCompressingStream.java,123,152,2
zstd-jni-v1.3.4-1,src/main/java/com/github/luben/zstd/ZstdDirectBufferDecompressingStream.java,101,158,2
zstd-jni-v1.3.4-1,src/main/java/com/github/luben/zstd/ZstdInputStream.java,159,1032,8
zstd-jni-v1.3.4-1,src/main/java/com/github/luben/zstd/ZstdOutputStream.java,130,595,9
zstd-jni-v1.3.4-1,src/main/java/com/github/luben/zstd/util/Native.java,116,172,1
zstd-jni-v1.3.4-8,.gitignore,10,12,0
zstd-jni-v1.3.4-8,.travis.yml,16,262,9
zstd-jni-v1.3.4-8,CMakeLists.txt,9,13,0
zstd-jni-v1.3.4-8,LICENSE,20,38,1
zstd-jni-v1.3.4-8,README.md,80,663,5
zstd-jni-v1.3.4-8,appveyor.yml,42,169,17
zstd-jni-v1.3.4-8,build.gradle,43,61,0
zstd-jni-v1.3.4-8,build.sbt,129,417,13
zstd-jni-v1.3.4-8,codecov.yml,6,6,0
zstd-jni-v1.3.4-8,make_so.sh,21,23,0
zstd-jni-v1.3.4-8,sbt,490,578,0
zstd-jni-v1.3.4-8,jni/README,2,2,0
zstd-jni-v1.3.4-8,jni/jni.h,1755,1960,0
zstd-jni-v1.3.4-8,jni/jni_md.h,45,51,0
zstd-jni-v1.3.4-8,project/build.properties,1,17,0
zstd-jni-v1.3.4-8,project/plugins.sbt,4,17,0
zstd-jni-v1.3.4-8,src/main/AndroidManifest.xml,2,2,0
zstd-jni-v1.3.4-8,src/main/native/CMakeLists.txt,51,60,0
zstd-jni-v1.3.4-8,src/main/native/COPYING,281,339,0
zstd-jni-v1.3.4-8,src/main/native/LICENSE,23,48,0
zstd-jni-v1.3.4-8,src/main/native/Makefile,156,525,1
zstd-jni-v1.3.4-8,src/main/native/README.md,84,165,0
zstd-jni-v1.3.4-8,src/main/native/jni_directbuffercompress_zstd.c,106,123,0
zstd-jni-v1.3.4-8,src/main/native/jni_directbufferdecompress_zstd.c,70,0,0
zstd-jni-v1.3.4-8,src/main/native/jni_fast_zstd.c,179,296,1
zstd-jni-v1.3.4-8,src/main/native/jni_inputstream_zstd.c,82,450,7
zstd-jni-v1.3.4-8,src/main/native/jni_outputstream_zstd.c,104,635,7
zstd-jni-v1.3.4-8,src/main/native/jni_zdict.c,82,111,3
zstd-jni-v1.3.4-8,src/main/native/jni_zstd.c,318,563,2
zstd-jni-v1.3.4-8,src/main/native/zstd.h,1187,3497,1
zstd-jni-v1.3.4-8,src/test/resources/xml,55526,0,0
zstd-jni-v1.3.4-8,src/test/resources/xml-1.zst,19252,0,3
zstd-jni-v1.3.4-8,src/test/resources/xml-16.zst,13058,0,0
zstd-jni-v1.3.4-8,src/test/resources/xml-1x2.zst,38503,0,1
zstd-jni-v1.3.4-8,src/test/resources/xml-3.zst,17817,0,3
zstd-jni-v1.3.4-8,src/test/resources/xml-6.zst,16305,0,1
zstd-jni-v1.3.4-8,src/test/resources/xml-9.zst,14786,0,1
zstd-jni-v1.3.4-8,src/test/resources/xml_v04.zst,19434,0,0
zstd-jni-v1.3.4-8,src/test/resources/xml_v05.zst,19665,0,0
zstd-jni-v1.3.4-8,src/test/resources/xml_v06.zst,19398,0,0
zstd-jni-v1.3.4-8,src/test/resources/xml_v07.zst,19264,0,0
zstd-jni-v1.3.4-8,src/test/resources/xmlx2,111051,0,0
zstd-jni-v1.3.4-8,src/test/scala/Perf.scala,148,322,5
zstd-jni-v1.3.4-8,src/test/scala/Zstd.scala,601,1218,15
zstd-jni-v1.3.4-8,src/test/scala/ZstdDict.scala,194,426,1
zstd-jni-v1.3.4-8,src/windows/include/jni_md.h,11,15,2
zstd-jni-v1.3.4-8,src/main/native/common/bitstream.h,410,332,0
zstd-jni-v1.3.4-8,src/main/native/common/compiler.h,101,111,0
zstd-jni-v1.3.4-8,src/main/native/common/cpu.h,204,216,0
zstd-jni-v1.3.4-8,src/main/native/common/entropy_common.c,194,355,0
zstd-jni-v1.3.4-8,src/main/native/common/error_private.c,45,76,0
zstd-jni-v1.3.4-8,src/main/native/common/error_private.h,57,105,0
zstd-jni-v1.3.4-8,src/main/native/common/fse.h,560,527,0
zstd-jni-v1.3.4-8,src/main/native/common/fse_decompress.c,245,429,0
zstd-jni-v1.3.4-8,src/main/native/common/huf.h,271,570,0
zstd-jni-v1.3.4-8,src/main/native/common/mem.h,309,321,0
zstd-jni-v1.3.4-8,src/main/native/common/pool.c,244,467,0
zstd-jni-v1.3.4-8,src/main/native/common/pool.h,58,112,0
zstd-jni-v1.3.4-8,src/main/native/common/threading.c,60,115,0
zstd-jni-v1.3.4-8,src/main/native/common/threading.h,97,225,0
zstd-jni-v1.3.4-8,src/main/native/common/xxhash.c,718,957,0
zstd-jni-v1.3.4-8,src/main/native/common/xxhash.h,243,405,0
zstd-jni-v1.3.4-8,src/main/native/common/zstd_common.c,70,232,0
zstd-jni-v1.3.4-8,src/main/native/common/zstd_errors.h,82,137,0
zstd-jni-v1.3.4-8,src/main/native/common/zstd_internal.h,245,819,0
zstd-jni-v1.3.4-8,src/main/native/compress/fse_compress.c,716,734,0
zstd-jni-v1.3.4-8,src/main/native/compress/huf_compress.c,676,1396,0
zstd-jni-v1.3.4-8,src/main/native/compress/zstd_compress.c,3072,11984,0
zstd-jni-v1.3.4-8,src/main/native/compress/zstd_compress.h,270,307,0
zstd-jni-v1.3.4-8,src/main/native/compress/zstd_compress_internal.h,628,777,0
zstd-jni-v1.3.4-8,src/main/native/compress/zstd_double_fast.c,295,451,0
zstd-jni-v1.3.4-8,src/main/native/compress/zstd_double_fast.h,29,48,0
zstd-jni-v1.3.4-8,src/main/native/compress/zstd_fast.c,235,401,0
zstd-jni-v1.3.4-8,src/main/native/compress/zstd_fast.h,29,51,0
zstd-jni-v1.3.4-8,src/main/native/compress/zstd_lazy.c,717,1472,0
zstd-jni-v1.3.4-8,src/main/native/compress/zstd_lazy.h,47,92,0
zstd-jni-v1.3.4-8,src/main/native/compress/zstd_ldm.c,603,1371,0
zstd-jni-v1.3.4-8,src/main/native/compress/zstd_ldm.h,96,157,0
zstd-jni-v1.3.4-8,src/main/native/compress/zstd_opt.c,814,2387,0
zstd-jni-v1.3.4-8,src/main/native/compress/zstd_opt.h,34,2253,0
zstd-jni-v1.3.4-8,src/main/native/compress/zstdmt_compress.c,1643,3855,0
zstd-jni-v1.3.4-8,src/main/native/compress/zstdmt_compress.h,117,252,0
zstd-jni-v1.3.4-8,src/main/native/decompress/huf_decompress.c,923,2584,0
zstd-jni-v1.3.4-8,src/main/native/decompress/zstd_decompress.c,2656,6638,0
zstd-jni-v1.3.4-8,src/main/native/dictBuilder/cover.c,998,1242,0
zstd-jni-v1.3.4-8,src/main/native/dictBuilder/divsufsort.c,1718,1913,0
zstd-jni-v1.3.4-8,src/main/native/dictBuilder/divsufsort.h,58,77,0
zstd-jni-v1.3.4-8,src/main/native/dictBuilder/zdict.c,967,2286,0
zstd-jni-v1.3.4-8,src/main/native/dictBuilder/zdict.h,184,704,0
zstd-jni-v1.3.4-8,src/main/native/legacy/zstd_legacy.h,359,401,0
zstd-jni-v1.3.4-8,src/main/native/legacy/zstd_v04.c,3079,5633,0
zstd-jni-v1.3.4-8,src/main/native/legacy/zstd_v04.h,112,211,0
zstd-jni-v1.3.4-8,src/main/native/legacy/zstd_v05.c,3349,5769,0
zstd-jni-v1.3.4-8,src/main/native/legacy/zstd_v05.h,127,247,0
zstd-jni-v1.3.4-8,src/main/native/legacy/zstd_v06.c,3425,5274,0
zstd-jni-v1.3.4-8,src/main/native/legacy/zstd_v06.h,132,311,0
zstd-jni-v1.3.4-8,src/main/native/legacy/zstd_v07.c,3753,5642,0
zstd-jni-v1.3.4-8,src/main/native/legacy/zstd_v07.h,147,312,0
zstd-jni-v1.3.4-8,src/androidTest/java/com/github/luben/zstd/LoadTest.java,18,21,0
zstd-jni-v1.3.4-8,src/main/java/com/github/luben/zstd/Zstd.java,954,1503,3
zstd-jni-v1.3.4-8,src/main/java/com/github/luben/zstd/ZstdDictCompress.java,48,86,1
zstd-jni-v1.3.4-8,src/main/java/com/github/luben/zstd/ZstdDictDecompress.java,47,89,1
zstd-jni-v1.3.4-8,src/main/java/com/github/luben/zstd/ZstdDictTrainer.java,58,73,1
zstd-jni-v1.3.4-8,src/main/java/com/github/luben/zstd/ZstdDirectBufferCompressingStream.java,123,152,2
zstd-jni-v1.3.4-8,src/main/java/com/github/luben/zstd/ZstdDirectBufferDecompressingStream.java,101,158,2
zstd-jni-v1.3.4-8,src/main/java/com/github/luben/zstd/ZstdInputStream.java,163,1058,10
zstd-jni-v1.3.4-8,src/main/java/com/github/luben/zstd/ZstdOutputStream.java,130,599,10
zstd-jni-v1.3.4-8,src/main/java/com/github/luben/zstd/util/Native.java,116,172,1
zstd-jni-v1.3.5-3,.gitignore,10,12,0
zstd-jni-v1.3.5-3,.travis.yml,16,262,9
zstd-jni-v1.3.5-3,CMakeLists.txt,9,13,0
zstd-jni-v1.3.5-3,LICENSE,20,38,1
zstd-jni-v1.3.5-3,README.md,96,701,5
zstd-jni-v1.3.5-3,appveyor.yml,42,169,17
zstd-jni-v1.3.5-3,build.gradle,44,67,1
zstd-jni-v1.3.5-3,build.sbt,224,570,14
zstd-jni-v1.3.5-3,codecov.yml,6,6,0
zstd-jni-v1.3.5-3,make_so.sh,20,24,0
zstd-jni-v1.3.5-3,sbt,489,625,0
zstd-jni-v1.3.5-3,version,1,7,1
zstd-jni-v1.3.5-3,jni/README,2,2,0
zstd-jni-v1.3.5-3,jni/jni.h,1755,1960,0
zstd-jni-v1.3.5-3,jni/jni_md.h,45,51,0
zstd-jni-v1.3.5-3,project/build.properties,1,19,0
zstd-jni-v1.3.5-3,project/plugins.sbt,4,17,0
zstd-jni-v1.3.5-3,src/main/AndroidManifest.xml,2,2,0
zstd-jni-v1.3.5-3,src/main/native/COPYING,281,339,0
zstd-jni-v1.3.5-3,src/main/native/LICENSE,23,48,0
zstd-jni-v1.3.5-3,src/main/native/README.md,84,165,0
zstd-jni-v1.3.5-3,src/main/native/jni_directbuffercompress_zstd.c,139,158,0
zstd-jni-v1.3.5-3,src/main/native/jni_directbufferdecompress_zstd.c,104,38,1
zstd-jni-v1.3.5-3,src/main/native/jni_fast_zstd.c,179,296,1
zstd-jni-v1.3.5-3,src/main/native/jni_inputstream_zstd.c,116,489,7
zstd-jni-v1.3.5-3,src/main/native/jni_outputstream_zstd.c,139,673,7
zstd-jni-v1.3.5-3,src/main/native/jni_zdict.c,82,111,3
zstd-jni-v1.3.5-3,src/main/native/jni_zstd.c,332,597,3
zstd-jni-v1.3.5-3,src/main/native/zstd.h,1252,3703,1
zstd-jni-v1.3.5-3,src/test/resources/xml,55526,0,0
zstd-jni-v1.3.5-3,src/test/resources/xml-1.zst,19252,0,3
zstd-jni-v1.3.5-3,src/test/resources/xml-1x2.zst,38503,0,1
zstd-jni-v1.3.5-3,src/test/resources/xml-3.zst,17817,0,3
zstd-jni-v1.3.5-3,src/test/resources/xml_v04.zst,19434,0,0
zstd-jni-v1.3.5-3,src/test/resources/xml_v05.zst,19665,0,0
zstd-jni-v1.3.5-3,src/test/resources/xml_v06.zst,19398,0,0
zstd-jni-v1.3.5-3,src/test/resources/xml_v07.zst,19264,0,0
zstd-jni-v1.3.5-3,src/test/resources/xmlx2,111051,0,0
zstd-jni-v1.3.5-3,src/test/scala/Perf.scala,148,322,5
zstd-jni-v1.3.5-3,src/test/scala/Zstd.scala,601,1220,15
zstd-jni-v1.3.5-3,src/test/scala/ZstdDict.scala,366,612,2
zstd-jni-v1.3.5-3,src/windows/include/jni_md.h,11,15,2
zstd-jni-v1.3.5-3,src/main/native/common/bitstream.h,399,357,0
zstd-jni-v1.3.5-3,src/main/native/common/compiler.h,101,117,0
zstd-jni-v1.3.5-3,src/main/native/common/cpu.h,203,219,0
zstd-jni-v1.3.5-3,src/main/native/common/debug.c,35,44,0
zstd-jni-v1.3.5-3,src/main/native/common/debug.h,103,123,0
zstd-jni-v1.3.5-3,src/main/native/common/entropy_common.c,208,372,0
zstd-jni-v1.3.5-3,src/main/native/common/error_private.c,45,76,0
zstd-jni-v1.3.5-3,src/main/native/common/error_private.h,57,105,0
zstd-jni-v1.3.5-3,src/main/native/common/fse.h,567,613,0
zstd-jni-v1.3.5-3,src/main/native/common/fse_decompress.c,245,431,0
zstd-jni-v1.3.5-3,src/main/native/common/huf.h,278,631,0
zstd-jni-v1.3.5-3,src/main/native/common/mem.h,309,321,0
zstd-jni-v1.3.5-3,src/main/native/common/pool.c,295,588,0
zstd-jni-v1.3.5-3,src/main/native/common/pool.h,67,160,0
zstd-jni-v1.3.5-3,src/main/native/common/threading.c,60,115,0
zstd-jni-v1.3.5-3,src/main/native/common/threading.h,97,225,0
zstd-jni-v1.3.5-3,src/main/native/common/xxhash.c,718,957,0
zstd-jni-v1.3.5-3,src/main/native/common/xxhash.h,243,405,0
zstd-jni-v1.3.5-3,src/main/native/common/zstd_common.c,65,237,0
zstd-jni-v1.3.5-3,src/main/native/common/zstd_errors.h,82,137,0
zstd-jni-v1.3.5-3,src/main/native/common/zstd_internal.h,214,859,0
zstd-jni-v1.3.5-3,src/main/native/compress/fse_compress.c,601,925,0
zstd-jni-v1.3.5-3,src/main/native/compress/hist.c,168,195,0
zstd-jni-v1.3.5-3,src/main/native/compress/hist.h,76,92,0
zstd-jni-v1.3.5-3,src/main/native/compress/huf_compress.c,683,1416,0
zstd-jni-v1.3.5-3,src/main/native/compress/zstd_compress.c,3493,13132,0
zstd-jni-v1.3.5-3,src/main/native/compress/zstd_compress.h,270,307,0
zstd-jni-v1.3.5-3,src/main/native/compress/zstd_compress_internal.h,699,931,0
zstd-jni-v1.3.5-3,src/main/native/compress/zstd_double_fast.c,435,785,0
zstd-jni-v1.3.5-3,src/main/native/compress/zstd_double_fast.h,32,53,0
zstd-jni-v1.3.5-3,src/main/native/compress/zstd_fast.c,349,634,0
zstd-jni-v1.3.5-3,src/main/native/compress/zstd_fast.h,32,56,0
zstd-jni-v1.3.5-3,src/main/native/compress/zstd_lazy.c,957,1868,0
zstd-jni-v1.3.5-3,src/main/native/compress/zstd_lazy.h,59,105,0
zstd-jni-v1.3.5-3,src/main/native/compress/zstd_ldm.c,598,1406,0
zstd-jni-v1.3.5-3,src/main/native/compress/zstd_ldm.h,95,160,0
zstd-jni-v1.3.5-3,src/main/native/compress/zstd_opt.c,996,3190,0
zstd-jni-v1.3.5-3,src/main/native/compress/zstd_opt.h,40,2260,0
zstd-jni-v1.3.5-3,src/main/native/compress/zstdmt_compress.c,1707,4024,0
zstd-jni-v1.3.5-3,src/main/native/compress/zstdmt_compress.h,117,262,0
zstd-jni-v1.3.5-3,src/main/native/decompress/huf_decompress.c,921,3234,0
zstd-jni-v1.3.5-3,src/main/native/decompress/zstd_decompress.c,2692,6761,0
zstd-jni-v1.3.5-3,src/main/native/dictBuilder/cover.c,1005,1253,0
zstd-jni-v1.3.5-3,src/main/native/dictBuilder/divsufsort.c,1718,1913,0
zstd-jni-v1.3.5-3,src/main/native/dictBuilder/divsufsort.h,58,77,0
zstd-jni-v1.3.5-3,src/main/native/dictBuilder/zdict.c,967,2296,0
zstd-jni-v1.3.5-3,src/main/native/dictBuilder/zdict.h,184,704,0
zstd-jni-v1.3.5-3,src/main/native/legacy/zstd_legacy.h,361,403,0
zstd-jni-v1.3.5-3,src/main/native/legacy/zstd_v04.c,3035,5706,0
zstd-jni-v1.3.5-3,src/main/native/legacy/zstd_v04.h,112,211,0
zstd-jni-v1.3.5-3,src/main/native/legacy/zstd_v05.c,3349,5769,0
zstd-jni-v1.3.5-3,src/main/native/legacy/zstd_v05.h,127,247,0
zstd-jni-v1.3.5-3,src/main/native/legacy/zstd_v06.c,3425,5274,0
zstd-jni-v1.3.5-3,src/main/native/legacy/zstd_v06.h,132,311,0
zstd-jni-v1.3.5-3,src/main/native/legacy/zstd_v07.c,3753,5642,0
zstd-jni-v1.3.5-3,src/main/native/legacy/zstd_v07.h,147,312,0
zstd-jni-v1.3.5-3,src/androidTest/java/com/github/luben/zstd/LoadTest.java,18,21,0
zstd-jni-v1.3.5-3,src/main/java/com/github/luben/zstd/Zstd.java,984,1537,4
zstd-jni-v1.3.5-3,src/main/java/com/github/luben/zstd/ZstdDictCompress.java,48,86,1
zstd-jni-v1.3.5-3,src/main/java/com/github/luben/zstd/ZstdDictDecompress.java,47,89,1
zstd-jni-v1.3.5-3,src/main/java/com/github/luben/zstd/ZstdDictTrainer.java,58,73,1
zstd-jni-v1.3.5-3,src/main/java/com/github/luben/zstd/ZstdDirectBufferCompressingStream.java,159,233,3
zstd-jni-v1.3.5-3,src/main/java/com/github/luben/zstd/ZstdDirectBufferDecompressingStream.java,137,219,2
zstd-jni-v1.3.5-3,src/main/java/com/github/luben/zstd/ZstdInputStream.java,187,1106,10
zstd-jni-v1.3.5-3,src/main/java/com/github/luben/zstd/ZstdOutputStream.java,164,640,10
zstd-jni-v1.3.5-3,src/main/java/com/github/luben/zstd/util/Native.java,116,172,1
zstd-jni-v1.3.7-1,.gitignore,10,12,0
zstd-jni-v1.3.7-1,.travis.yml,16,262,9
zstd-jni-v1.3.7-1,CMakeLists.txt,9,13,0
zstd-jni-v1.3.7-1,LICENSE,20,40,2
zstd-jni-v1.3.7-1,README.md,99,716,6
zstd-jni-v1.3.7-1,appveyor.yml,47,176,17
zstd-jni-v1.3.7-1,build.gradle,45,76,3
zstd-jni-v1.3.7-1,build.sbt,227,586,15
zstd-jni-v1.3.7-1,codecov.yml,6,6,0
zstd-jni-v1.3.7-1,make_so.sh,20,24,0
zstd-jni-v1.3.7-1,sbt,489,625,0
zstd-jni-v1.3.7-1,version,1,15,2
zstd-jni-v1.3.7-1,jni/README,2,2,0
zstd-jni-v1.3.7-1,jni/jni.h,1755,1960,0
zstd-jni-v1.3.7-1,jni/jni_md.h,45,51,0
zstd-jni-v1.3.7-1,project/build.properties,1,21,0
zstd-jni-v1.3.7-1,project/plugins.sbt,4,21,0
zstd-jni-v1.3.7-1,src/main/AndroidManifest.xml,2,2,0
zstd-jni-v1.3.7-1,src/main/native/COPYING,281,339,0
zstd-jni-v1.3.7-1,src/main/native/LICENSE,23,48,0
zstd-jni-v1.3.7-1,src/main/native/README.md,84,165,0
zstd-jni-v1.3.7-1,src/main/native/jni_directbuffercompress_zstd.c,139,158,0
zstd-jni-v1.3.7-1,src/main/native/jni_directbufferdecompress_zstd.c,104,38,1
zstd-jni-v1.3.7-1,src/main/native/jni_fast_zstd.c,179,296,1
zstd-jni-v1.3.7-1,src/main/native/jni_inputstream_zstd.c,116,489,7
zstd-jni-v1.3.7-1,src/main/native/jni_outputstream_zstd.c,139,673,7
zstd-jni-v1.3.7-1,src/main/native/jni_zdict.c,84,151,4
zstd-jni-v1.3.7-1,src/main/native/jni_zstd.c,377,645,3
zstd-jni-v1.3.7-1,src/main/native/zstd.h,1302,3864,1
zstd-jni-v1.3.7-1,src/test/resources/xml,55526,0,0
zstd-jni-v1.3.7-1,src/test/resources/xml-1.zst,19252,0,3
zstd-jni-v1.3.7-1,src/test/resources/xml-1x2.zst,38503,0,1
zstd-jni-v1.3.7-1,src/test/resources/xml-3.zst,17817,0,3
zstd-jni-v1.3.7-1,src/test/resources/xml_v04.zst,19434,0,0
zstd-jni-v1.3.7-1,src/test/resources/xml_v05.zst,19665,0,0
zstd-jni-v1.3.7-1,src/test/resources/xml_v06.zst,19398,0,0
zstd-jni-v1.3.7-1,src/test/resources/xml_v07.zst,19264,0,0
zstd-jni-v1.3.7-1,src/test/resources/xmlx2,111051,0,0
zstd-jni-v1.3.7-1,src/test/scala/Perf.scala,148,324,6
zstd-jni-v1.3.7-1,src/test/scala/Zstd.scala,615,1242,17
zstd-jni-v1.3.7-1,src/test/scala/ZstdDict.scala,289,1317,5
zstd-jni-v1.3.7-1,src/windows/include/jni_md.h,11,15,2
zstd-jni-v1.3.7-1,src/main/native/common/bitstream.h,396,376,0
zstd-jni-v1.3.7-1,src/main/native/common/compiler.h,121,155,0
zstd-jni-v1.3.7-1,src/main/native/common/cpu.h,203,221,0
zstd-jni-v1.3.7-1,src/main/native/common/debug.c,35,44,0
zstd-jni-v1.3.7-1,src/main/native/common/debug.h,103,123,0
zstd-jni-v1.3.7-1,src/main/native/common/entropy_common.c,208,372,0
zstd-jni-v1.3.7-1,src/main/native/common/error_private.c,45,76,0
zstd-jni-v1.3.7-1,src/main/native/common/error_private.h,57,105,0
zstd-jni-v1.3.7-1,src/main/native/common/fse.h,567,613,0
zstd-jni-v1.3.7-1,src/main/native/common/fse_decompress.c,245,431,0
zstd-jni-v1.3.7-1,src/main/native/common/huf.h,278,631,0
zstd-jni-v1.3.7-1,src/main/native/common/mem.h,326,343,0
zstd-jni-v1.3.7-1,src/main/native/common/pool.c,295,588,0
zstd-jni-v1.3.7-1,src/main/native/common/pool.h,67,160,0
zstd-jni-v1.3.7-1,src/main/native/common/threading.c,60,115,0
zstd-jni-v1.3.7-1,src/main/native/common/threading.h,97,225,0
zstd-jni-v1.3.7-1,src/main/native/common/xxhash.c,719,958,0
zstd-jni-v1.3.7-1,src/main/native/common/xxhash.h,243,405,0
zstd-jni-v1.3.7-1,src/main/native/common/zstd_common.c,65,237,0
zstd-jni-v1.3.7-1,src/main/native/common/zstd_errors.h,82,137,0
zstd-jni-v1.3.7-1,src/main/native/common/zstd_internal.h,215,864,0
zstd-jni-v1.3.7-1,src/main/native/compress/fse_compress.c,606,1028,0
zstd-jni-v1.3.7-1,src/main/native/compress/hist.c,168,195,0
zstd-jni-v1.3.7-1,src/main/native/compress/hist.h,76,94,0
zstd-jni-v1.3.7-1,src/main/native/compress/huf_compress.c,683,1418,0
zstd-jni-v1.3.7-1,src/main/native/compress/zstd_compress.c,3620,13569,0
zstd-jni-v1.3.7-1,src/main/native/compress/zstd_compress.h,270,307,0
zstd-jni-v1.3.7-1,src/main/native/compress/zstd_compress_internal.h,702,938,0
zstd-jni-v1.3.7-1,src/main/native/compress/zstd_double_fast.c,450,899,0
zstd-jni-v1.3.7-1,src/main/native/compress/zstd_double_fast.h,31,60,0
zstd-jni-v1.3.7-1,src/main/native/compress/zstd_fast.c,361,711,0
zstd-jni-v1.3.7-1,src/main/native/compress/zstd_fast.h,31,63,0
zstd-jni-v1.3.7-1,src/main/native/compress/zstd_lazy.c,967,2123,0
zstd-jni-v1.3.7-1,src/main/native/compress/zstd_lazy.h,57,133,0
zstd-jni-v1.3.7-1,src/main/native/compress/zstd_ldm.c,596,1426,0
zstd-jni-v1.3.7-1,src/main/native/compress/zstd_ldm.h,94,161,0
zstd-jni-v1.3.7-1,src/main/native/compress/zstd_opt.c,1002,3268,0
zstd-jni-v1.3.7-1,src/main/native/compress/zstd_opt.h,39,2277,0
zstd-jni-v1.3.7-1,src/main/native/compress/zstdmt_compress.c,1746,4171,0
zstd-jni-v1.3.7-1,src/main/native/compress/zstdmt_compress.h,126,284,0
zstd-jni-v1.3.7-1,src/main/native/decompress/huf_decompress.c,921,3240,0
zstd-jni-v1.3.7-1,src/main/native/decompress/zstd_decompress.c,2758,7031,0
zstd-jni-v1.3.7-1,src/main/native/dictBuilder/cover.c,1027,1451,0
zstd-jni-v1.3.7-1,src/main/native/dictBuilder/cover.h,74,83,0
zstd-jni-v1.3.7-1,src/main/native/dictBuilder/divsufsort.c,1718,1919,0
zstd-jni-v1.3.7-1,src/main/native/dictBuilder/divsufsort.h,58,77,0
zstd-jni-v1.3.7-1,src/main/native/dictBuilder/fastcover.c,663,728,0
zstd-jni-v1.3.7-1,src/main/native/dictBuilder/zdict.c,969,2361,0
zstd-jni-v1.3.7-1,src/main/native/dictBuilder/zdict.h,237,769,0
zstd-jni-v1.3.7-1,src/main/native/legacy/zstd_legacy.h,361,403,0
zstd-jni-v1.3.7-1,src/main/native/legacy/zstd_v04.c,3032,5712,0
zstd-jni-v1.3.7-1,src/main/native/legacy/zstd_v04.h,112,211,0
zstd-jni-v1.3.7-1,src/main/native/legacy/zstd_v05.c,3352,5790,0
zstd-jni-v1.3.7-1,src/main/native/legacy/zstd_v05.h,127,247,0
zstd-jni-v1.3.7-1,src/main/native/legacy/zstd_v06.c,3426,5294,0
zstd-jni-v1.3.7-1,src/main/native/legacy/zstd_v06.h,132,311,0
zstd-jni-v1.3.7-1,src/main/native/legacy/zstd_v07.c,3755,5680,0
zstd-jni-v1.3.7-1,src/main/native/legacy/zstd_v07.h,147,312,0
zstd-jni-v1.3.7-1,src/androidTest/java/com/github/luben/zstd/LoadTest.java,23,26,0
zstd-jni-v1.3.7-1,src/main/java/com/github/luben/zstd/Zstd.java,1021,1593,5
zstd-jni-v1.3.7-1,src/main/java/com/github/luben/zstd/ZstdDictCompress.java,48,86,1
zstd-jni-v1.3.7-1,src/main/java/com/github/luben/zstd/ZstdDictDecompress.java,43,93,2
zstd-jni-v1.3.7-1,src/main/java/com/github/luben/zstd/ZstdDictTrainer.java,57,76,1
zstd-jni-v1.3.7-1,src/main/java/com/github/luben/zstd/ZstdDirectBufferCompressingStream.java,159,233,3
zstd-jni-v1.3.7-1,src/main/java/com/github/luben/zstd/ZstdDirectBufferDecompressingStream.java,137,219,2
zstd-jni-v1.3.7-1,src/main/java/com/github/luben/zstd/ZstdInputStream.java,198,1153,14
zstd-jni-v1.3.7-1,src/main/java/com/github/luben/zstd/ZstdOutputStream.java,164,640,10
zstd-jni-v1.3.7-1,src/main/java/com/github/luben/zstd/util/Native.java,119,484,5
zstd-jni-v1.3.8-1,.gitignore,10,12,0
zstd-jni-v1.3.8-1,.travis.yml,16,262,9
zstd-jni-v1.3.8-1,CMakeLists.txt,9,15,0
zstd-jni-v1.3.8-1,LICENSE,20,40,2
zstd-jni-v1.3.8-1,README.md,99,716,6
zstd-jni-v1.3.8-1,appveyor.yml,47,176,17
zstd-jni-v1.3.8-1,build.gradle,45,76,3
zstd-jni-v1.3.8-1,build.sbt,227,586,15
zstd-jni-v1.3.8-1,codecov.yml,6,6,0
zstd-jni-v1.3.8-1,make_so.sh,20,24,0
zstd-jni-v1.3.8-1,sbt,489,625,0
zstd-jni-v1.3.8-1,version,1,21,3
zstd-jni-v1.3.8-1,jni/README,2,2,0
zstd-jni-v1.3.8-1,jni/jni.h,1755,1960,0
zstd-jni-v1.3.8-1,jni/jni_md.h,45,51,0
zstd-jni-v1.3.8-1,project/build.properties,1,21,0
zstd-jni-v1.3.8-1,project/plugins.sbt,4,21,0
zstd-jni-v1.3.8-1,src/main/AndroidManifest.xml,2,2,0
zstd-jni-v1.3.8-1,src/main/native/COPYING,281,339,0
zstd-jni-v1.3.8-1,src/main/native/LICENSE,23,48,0
zstd-jni-v1.3.8-1,src/main/native/README.md,84,165,0
zstd-jni-v1.3.8-1,src/main/native/jni_directbuffercompress_zstd.c,139,158,0
zstd-jni-v1.3.8-1,src/main/native/jni_directbufferdecompress_zstd.c,104,38,1
zstd-jni-v1.3.8-1,src/main/native/jni_fast_zstd.c,179,312,1
zstd-jni-v1.3.8-1,src/main/native/jni_inputstream_zstd.c,116,489,7
zstd-jni-v1.3.8-1,src/main/native/jni_outputstream_zstd.c,139,679,7
zstd-jni-v1.3.8-1,src/main/native/jni_zdict.c,84,151,4
zstd-jni-v1.3.8-1,src/main/native/jni_zstd.c,369,675,4
zstd-jni-v1.3.8-1,src/main/native/zstd.h,1510,6040,1
zstd-jni-v1.3.8-1,src/test/resources/xml,55526,0,0
zstd-jni-v1.3.8-1,src/test/resources/xml-1.zst,19252,0,3
zstd-jni-v1.3.8-1,src/test/resources/xml-1x2.zst,38503,0,1
zstd-jni-v1.3.8-1,src/test/resources/xml-3.zst,17673,0,3
zstd-jni-v1.3.8-1,src/test/resources/xml_v04.zst,19434,0,0
zstd-jni-v1.3.8-1,src/test/resources/xml_v05.zst,19665,0,0
zstd-jni-v1.3.8-1,src/test/resources/xml_v06.zst,19398,0,0
zstd-jni-v1.3.8-1,src/test/resources/xml_v07.zst,19264,0,0
zstd-jni-v1.3.8-1,src/test/resources/xmlx2,111051,0,0
zstd-jni-v1.3.8-1,src/test/scala/Perf.scala,148,324,6
zstd-jni-v1.3.8-1,src/test/scala/Zstd.scala,656,1347,18
zstd-jni-v1.3.8-1,src/test/scala/ZstdDict.scala,289,1317,5
zstd-jni-v1.3.8-1,src/windows/include/jni_md.h,11,15,2
zstd-jni-v1.3.8-1,src/main/native/common/bitstream.h,396,380,0
zstd-jni-v1.3.8-1,src/main/native/common/compiler.h,124,186,0
zstd-jni-v1.3.8-1,src/main/native/common/cpu.h,203,223,0
zstd-jni-v1.3.8-1,src/main/native/common/debug.c,35,44,0
zstd-jni-v1.3.8-1,src/main/native/common/debug.h,111,156,0
zstd-jni-v1.3.8-1,src/main/native/common/entropy_common.c,208,372,0
zstd-jni-v1.3.8-1,src/main/native/common/error_private.c,51,82,0
zstd-jni-v1.3.8-1,src/main/native/common/error_private.h,57,105,0
zstd-jni-v1.3.8-1,src/main/native/common/fse.h,567,617,0
zstd-jni-v1.3.8-1,src/main/native/common/fse_decompress.c,245,431,0
zstd-jni-v1.3.8-1,src/main/native/common/huf.h,302,657,0
zstd-jni-v1.3.8-1,src/main/native/common/mem.h,326,343,0
zstd-jni-v1.3.8-1,src/main/native/common/pool.c,295,590,0
zstd-jni-v1.3.8-1,src/main/native/common/pool.h,67,160,0
zstd-jni-v1.3.8-1,src/main/native/common/threading.c,60,115,0
zstd-jni-v1.3.8-1,src/main/native/common/threading.h,97,225,0
zstd-jni-v1.3.8-1,src/main/native/common/xxhash.c,719,958,0
zstd-jni-v1.3.8-1,src/main/native/common/xxhash.h,243,405,0
zstd-jni-v1.3.8-1,src/main/native/common/zstd_common.c,67,241,0
zstd-jni-v1.3.8-1,src/main/native/common/zstd_errors.h,83,138,0
zstd-jni-v1.3.8-1,src/main/native/common/zstd_internal.h,222,877,0
zstd-jni-v1.3.8-1,src/main/native/compress/fse_compress.c,606,1034,0
zstd-jni-v1.3.8-1,src/main/native/compress/hist.c,176,225,0
zstd-jni-v1.3.8-1,src/main/native/compress/hist.h,79,113,0
zstd-jni-v1.3.8-1,src/main/native/compress/huf_compress.c,685,1482,0
zstd-jni-v1.3.8-1,src/main/native/compress/zstd_compress.c,3842,14561,0
zstd-jni-v1.3.8-1,src/main/native/compress/zstd_compress.h,270,307,0
zstd-jni-v1.3.8-1,src/main/native/compress/zstd_compress_internal.h,757,1056,0
zstd-jni-v1.3.8-1,src/main/native/compress/zstd_double_fast.c,450,907,0
zstd-jni-v1.3.8-1,src/main/native/compress/zstd_double_fast.h,31,60,0
zstd-jni-v1.3.8-1,src/main/native/compress/zstd_fast.c,361,741,0
zstd-jni-v1.3.8-1,src/main/native/compress/zstd_fast.h,31,63,0
zstd-jni-v1.3.8-1,src/main/native/compress/zstd_lazy.c,974,2166,0
zstd-jni-v1.3.8-1,src/main/native/compress/zstd_lazy.h,57,133,0
zstd-jni-v1.3.8-1,src/main/native/compress/zstd_ldm.c,551,1511,0
zstd-jni-v1.3.8-1,src/main/native/compress/zstd_ldm.h,91,169,0
zstd-jni-v1.3.8-1,src/main/native/compress/zstd_opt.c,1074,3449,0
zstd-jni-v1.3.8-1,src/main/native/compress/zstd_opt.h,45,2285,0
zstd-jni-v1.3.8-1,src/main/native/compress/zstdmt_compress.c,1891,4473,0
zstd-jni-v1.3.8-1,src/main/native/compress/zstdmt_compress.h,133,312,0
zstd-jni-v1.3.8-1,src/main/native/decompress/huf_decompress.c,1049,3460,0
zstd-jni-v1.3.8-1,src/main/native/decompress/zstd_ddict.c,212,240,0
zstd-jni-v1.3.8-1,src/main/native/decompress/zstd_ddict.h,33,44,0
zstd-jni-v1.3.8-1,src/main/native/decompress/zstd_decompress.c,1478,8955,0
zstd-jni-v1.3.8-1,src/main/native/decompress/zstd_decompress_block.c,1172,1307,0
zstd-jni-v1.3.8-1,src/main/native/decompress/zstd_decompress_block.h,47,59,0
zstd-jni-v1.3.8-1,src/main/native/decompress/zstd_decompress_internal.h,140,168,0
zstd-jni-v1.3.8-1,src/main/native/dictBuilder/cover.c,1029,1475,0
zstd-jni-v1.3.8-1,src/main/native/dictBuilder/cover.h,74,83,0
zstd-jni-v1.3.8-1,src/main/native/dictBuilder/divsufsort.c,1718,1919,0
zstd-jni-v1.3.8-1,src/main/native/dictBuilder/divsufsort.h,58,77,0
zstd-jni-v1.3.8-1,src/main/native/dictBuilder/fastcover.c,663,758,0
zstd-jni-v1.3.8-1,src/main/native/dictBuilder/zdict.c,969,2417,0
zstd-jni-v1.3.8-1,src/main/native/dictBuilder/zdict.h,237,769,0
zstd-jni-v1.3.8-1,src/main/native/legacy/zstd_legacy.h,361,403,0
zstd-jni-v1.3.8-1,src/main/native/legacy/zstd_v04.c,3022,5722,0
zstd-jni-v1.3.8-1,src/main/native/legacy/zstd_v04.h,112,211,0
zstd-jni-v1.3.8-1,src/main/native/legacy/zstd_v05.c,3352,5820,0
zstd-jni-v1.3.8-1,src/main/native/legacy/zstd_v05.h,127,247,0
zstd-jni-v1.3.8-1,src/main/native/legacy/zstd_v06.c,3426,5294,0
zstd-jni-v1.3.8-1,src/main/native/legacy/zstd_v06.h,132,311,0
zstd-jni-v1.3.8-1,src/main/native/legacy/zstd_v07.c,3755,5680,0
zstd-jni-v1.3.8-1,src/main/native/legacy/zstd_v07.h,147,312,0
zstd-jni-v1.3.8-1,src/androidTest/java/com/github/luben/zstd/LoadTest.java,23,26,0
zstd-jni-v1.3.8-1,src/main/java/com/github/luben/zstd/SharedDictBase.java,66,76,0
zstd-jni-v1.3.8-1,src/main/java/com/github/luben/zstd/Zstd.java,1056,1639,6
zstd-jni-v1.3.8-1,src/main/java/com/github/luben/zstd/ZstdDictCompress.java,46,110,2
zstd-jni-v1.3.8-1,src/main/java/com/github/luben/zstd/ZstdDictDecompress.java,41,117,3
zstd-jni-v1.3.8-1,src/main/java/com/github/luben/zstd/ZstdDictTrainer.java,57,102,3
zstd-jni-v1.3.8-1,src/main/java/com/github/luben/zstd/ZstdDirectBufferCompressingStream.java,170,264,5
zstd-jni-v1.3.8-1,src/main/java/com/github/luben/zstd/ZstdDirectBufferDecompressingStream.java,143,249,4
zstd-jni-v1.3.8-1,src/main/java/com/github/luben/zstd/ZstdInputStream.java,204,1199,16
zstd-jni-v1.3.8-1,src/main/java/com/github/luben/zstd/ZstdOutputStream.java,168,702,12
zstd-jni-v1.3.8-1,src/main/java/com/github/luben/zstd/util/Native.java,119,484,5
zstd-jni-v1.4.0-1,.gitignore,10,12,0
zstd-jni-v1.4.0-1,.travis.yml,16,262,9
zstd-jni-v1.4.0-1,CMakeLists.txt,11,17,0
zstd-jni-v1.4.0-1,LICENSE,20,40,2
zstd-jni-v1.4.0-1,README.md,106,731,6
zstd-jni-v1.4.0-1,appveyor.yml,47,176,17
zstd-jni-v1.4.0-1,build.gradle,45,78,4
zstd-jni-v1.4.0-1,build.sbt,235,603,15
zstd-jni-v1.4.0-1,codecov.yml,6,6,0
zstd-jni-v1.4.0-1,make_so.sh,22,32,0
zstd-jni-v1.4.0-1,sbt,489,625,0
zstd-jni-v1.4.0-1,version,1,37,6
zstd-jni-v1.4.0-1,jni/README,2,2,0
zstd-jni-v1.4.0-1,jni/jni.h,1755,1960,0
zstd-jni-v1.4.0-1,jni/jni_md.h,45,51,0
zstd-jni-v1.4.0-1,project/build.properties,1,21,0
zstd-jni-v1.4.0-1,project/plugins.sbt,4,21,0
zstd-jni-v1.4.0-1,src/main/AndroidManifest.xml,2,2,0
zstd-jni-v1.4.0-1,src/main/native/COPYING,281,339,0
zstd-jni-v1.4.0-1,src/main/native/LICENSE,23,48,0
zstd-jni-v1.4.0-1,src/main/native/README.md,84,165,0
zstd-jni-v1.4.0-1,src/main/native/jni_directbuffercompress_zstd.c,139,160,0
zstd-jni-v1.4.0-1,src/main/native/jni_directbufferdecompress_zstd.c,70,80,2
zstd-jni-v1.4.0-1,src/main/native/jni_fast_zstd.c,179,328,1
zstd-jni-v1.4.0-1,src/main/native/jni_inputstream_zstd.c,81,605,9
zstd-jni-v1.4.0-1,src/main/native/jni_outputstream_zstd.c,105,736,8
zstd-jni-v1.4.0-1,src/main/native/jni_zdict.c,84,151,4
zstd-jni-v1.4.0-1,src/main/native/jni_zstd.c,474,835,7
zstd-jni-v1.4.0-1,src/main/native/zstd.h,1667,7271,1
zstd-jni-v1.4.0-1,src/test/resources/xml,55526,0,0
zstd-jni-v1.4.0-1,src/test/resources/xml-1.zst,19338,0,3
zstd-jni-v1.4.0-1,src/test/resources/xml-1x2.zst,38675,0,1
zstd-jni-v1.4.0-1,src/test/resources/xml-3.zst,17673,0,3
zstd-jni-v1.4.0-1,src/test/resources/xml_v04.zst,19434,0,0
zstd-jni-v1.4.0-1,src/test/resources/xml_v05.zst,19665,0,0
zstd-jni-v1.4.0-1,src/test/resources/xml_v06.zst,19398,0,0
zstd-jni-v1.4.0-1,src/test/resources/xml_v07.zst,19264,0,0
zstd-jni-v1.4.0-1,src/test/resources/xmlx2,111051,0,0
zstd-jni-v1.4.0-1,src/test/scala/Perf.scala,180,372,7
zstd-jni-v1.4.0-1,src/test/scala/Zstd.scala,693,1390,18
zstd-jni-v1.4.0-1,src/test/scala/ZstdDict.scala,302,1351,5
zstd-jni-v1.4.0-1,src/windows/include/jni_md.h,11,15,2
zstd-jni-v1.4.0-1,src/main/native/common/bitstream.h,396,380,0
zstd-jni-v1.4.0-1,src/main/native/common/compiler.h,124,188,0
zstd-jni-v1.4.0-1,src/main/native/common/cpu.h,203,223,0
zstd-jni-v1.4.0-1,src/main/native/common/debug.c,35,44,0
zstd-jni-v1.4.0-1,src/main/native/common/debug.h,111,156,0
zstd-jni-v1.4.0-1,src/main/native/common/entropy_common.c,208,372,0
zstd-jni-v1.4.0-1,src/main/native/common/error_private.c,51,82,0
zstd-jni-v1.4.0-1,src/main/native/common/error_private.h,57,105,0
zstd-jni-v1.4.0-1,src/main/native/common/fse.h,567,619,0
zstd-jni-v1.4.0-1,src/main/native/common/fse_decompress.c,245,431,0
zstd-jni-v1.4.0-1,src/main/native/common/huf.h,302,657,0
zstd-jni-v1.4.0-1,src/main/native/common/mem.h,326,343,0
zstd-jni-v1.4.0-1,src/main/native/common/pool.c,295,590,0
zstd-jni-v1.4.0-1,src/main/native/common/pool.h,67,160,0
zstd-jni-v1.4.0-1,src/main/native/common/threading.c,60,119,0
zstd-jni-v1.4.0-1,src/main/native/common/threading.h,97,225,0
zstd-jni-v1.4.0-1,src/main/native/common/xxhash.c,719,962,0
zstd-jni-v1.4.0-1,src/main/native/common/xxhash.h,243,405,0
zstd-jni-v1.4.0-1,src/main/native/common/zstd_common.c,67,241,0
zstd-jni-v1.4.0-1,src/main/native/common/zstd_errors.h,83,138,0
zstd-jni-v1.4.0-1,src/main/native/common/zstd_internal.h,271,934,0
zstd-jni-v1.4.0-1,src/main/native/compress/fse_compress.c,606,1038,0
zstd-jni-v1.4.0-1,src/main/native/compress/hist.c,176,225,0
zstd-jni-v1.4.0-1,src/main/native/compress/hist.h,79,113,0
zstd-jni-v1.4.0-1,src/main/native/compress/huf_compress.c,685,1482,0
zstd-jni-v1.4.0-1,src/main/native/compress/zstd_compress.c,3969,15284,0
zstd-jni-v1.4.0-1,src/main/native/compress/zstd_compress_internal.h,760,1081,0
zstd-jni-v1.4.0-1,src/main/native/compress/zstd_double_fast.c,450,907,0
zstd-jni-v1.4.0-1,src/main/native/compress/zstd_double_fast.h,31,60,0
zstd-jni-v1.4.0-1,src/main/native/compress/zstd_fast.c,432,1068,0
zstd-jni-v1.4.0-1,src/main/native/compress/zstd_fast.h,31,63,0
zstd-jni-v1.4.0-1,src/main/native/compress/zstd_lazy.c,974,2166,0
zstd-jni-v1.4.0-1,src/main/native/compress/zstd_lazy.h,57,135,0
zstd-jni-v1.4.0-1,src/main/native/compress/zstd_ldm.c,551,1513,0
zstd-jni-v1.4.0-1,src/main/native/compress/zstd_ldm.h,91,169,0
zstd-jni-v1.4.0-1,src/main/native/compress/zstd_opt.c,1087,3487,0
zstd-jni-v1.4.0-1,src/main/native/compress/zstd_opt.h,45,2285,0
zstd-jni-v1.4.0-1,src/main/native/compress/zstdmt_compress.c,1887,4563,0
zstd-jni-v1.4.0-1,src/main/native/compress/zstdmt_compress.h,149,381,0
zstd-jni-v1.4.0-1,src/main/native/decompress/huf_decompress.c,1049,3460,0
zstd-jni-v1.4.0-1,src/main/native/decompress/zstd_ddict.c,212,248,0
zstd-jni-v1.4.0-1,src/main/native/decompress/zstd_ddict.h,33,44,0
zstd-jni-v1.4.0-1,src/main/native/decompress/zstd_decompress.c,1565,9378,0
zstd-jni-v1.4.0-1,src/main/native/decompress/zstd_decompress_block.c,1175,1405,0
zstd-jni-v1.4.0-1,src/main/native/decompress/zstd_decompress_block.h,47,59,0
zstd-jni-v1.4.0-1,src/main/native/decompress/zstd_decompress_internal.h,146,175,0
zstd-jni-v1.4.0-1,src/main/native/dictBuilder/cover.c,1072,1546,0
zstd-jni-v1.4.0-1,src/main/native/dictBuilder/cover.h,100,112,0
zstd-jni-v1.4.0-1,src/main/native/dictBuilder/divsufsort.c,1718,1919,0
zstd-jni-v1.4.0-1,src/main/native/dictBuilder/divsufsort.h,58,77,0
zstd-jni-v1.4.0-1,src/main/native/dictBuilder/fastcover.c,675,796,0
zstd-jni-v1.4.0-1,src/main/native/dictBuilder/zdict.c,969,2417,0
zstd-jni-v1.4.0-1,src/main/native/dictBuilder/zdict.h,247,795,0
zstd-jni-v1.4.0-1,src/main/native/legacy/zstd_legacy.h,390,457,0
zstd-jni-v1.4.0-1,src/main/native/legacy/zstd_v04.c,3041,5766,0
zstd-jni-v1.4.0-1,src/main/native/legacy/zstd_v04.h,116,230,0
zstd-jni-v1.4.0-1,src/main/native/legacy/zstd_v05.c,3375,5859,0
zstd-jni-v1.4.0-1,src/main/native/legacy/zstd_v05.h,131,266,0
zstd-jni-v1.4.0-1,src/main/native/legacy/zstd_v06.c,3452,5338,0
zstd-jni-v1.4.0-1,src/main/native/legacy/zstd_v06.h,136,326,0
zstd-jni-v1.4.0-1,src/main/native/legacy/zstd_v07.c,3784,5729,0
zstd-jni-v1.4.0-1,src/main/native/legacy/zstd_v07.h,151,327,0
zstd-jni-v1.4.0-1,src/androidTest/java/com/github/luben/zstd/LoadTest.java,23,26,0
zstd-jni-v1.4.0-1,src/main/java/com/github/luben/zstd/SharedDictBase.java,66,76,0
zstd-jni-v1.4.0-1,src/main/java/com/github/luben/zstd/Zstd.java,1154,1764,9
zstd-jni-v1.4.0-1,src/main/java/com/github/luben/zstd/ZstdDictCompress.java,46,110,2
zstd-jni-v1.4.0-1,src/main/java/com/github/luben/zstd/ZstdDictDecompress.java,41,117,3
zstd-jni-v1.4.0-1,src/main/java/com/github/luben/zstd/ZstdDictTrainer.java,57,104,3
zstd-jni-v1.4.0-1,src/main/java/com/github/luben/zstd/ZstdDirectBufferCompressingStream.java,170,264,5
zstd-jni-v1.4.0-1,src/main/java/com/github/luben/zstd/ZstdDirectBufferDecompressingStream.java,110,313,4
zstd-jni-v1.4.0-1,src/main/java/com/github/luben/zstd/ZstdInputStream.java,188,1269,17
zstd-jni-v1.4.0-1,src/main/java/com/github/luben/zstd/ZstdOutputStream.java,205,867,14
zstd-jni-v1.4.0-1,src/main/java/com/github/luben/zstd/util/Native.java,119,486,6
zstd-jni-v1.4.2-1,.gitignore,10,12,0
zstd-jni-v1.4.2-1,.travis.yml,16,262,9
zstd-jni-v1.4.2-1,CMakeLists.txt,11,17,0
zstd-jni-v1.4.2-1,LICENSE,20,40,2
zstd-jni-v1.4.2-1,README.md,106,731,6
zstd-jni-v1.4.2-1,appveyor.yml,47,176,17
zstd-jni-v1.4.2-1,build.gradle,45,78,4
zstd-jni-v1.4.2-1,build.sbt,235,603,15
zstd-jni-v1.4.2-1,codecov.yml,6,6,0
zstd-jni-v1.4.2-1,make_so.sh,22,32,0
zstd-jni-v1.4.2-1,sbt,489,625,0
zstd-jni-v1.4.2-1,version,1,43,8
zstd-jni-v1.4.2-1,jni/README,2,2,0
zstd-jni-v1.4.2-1,jni/jni.h,1755,1960,0
zstd-jni-v1.4.2-1,jni/jni_md.h,45,51,0
zstd-jni-v1.4.2-1,project/build.properties,1,21,0
zstd-jni-v1.4.2-1,project/plugins.sbt,4,21,0
zstd-jni-v1.4.2-1,src/main/AndroidManifest.xml,2,2,0
zstd-jni-v1.4.2-1,src/main/native/COPYING,281,339,0
zstd-jni-v1.4.2-1,src/main/native/LICENSE,23,48,0
zstd-jni-v1.4.2-1,src/main/native/README.md,84,165,0
zstd-jni-v1.4.2-1,src/main/native/jni_directbuffercompress_zstd.c,139,160,0
zstd-jni-v1.4.2-1,src/main/native/jni_directbufferdecompress_zstd.c,70,80,2
zstd-jni-v1.4.2-1,src/main/native/jni_fast_zstd.c,179,328,1
zstd-jni-v1.4.2-1,src/main/native/jni_inputstream_zstd.c,81,605,9
zstd-jni-v1.4.2-1,src/main/native/jni_outputstream_zstd.c,105,736,8
zstd-jni-v1.4.2-1,src/main/native/jni_zdict.c,84,151,4
zstd-jni-v1.4.2-1,src/main/native/jni_zstd.c,511,876,8
zstd-jni-v1.4.2-1,src/main/native/zstd.h,1695,7347,2
zstd-jni-v1.4.2-1,src/test/resources/xml,55526,0,0
zstd-jni-v1.4.2-1,src/test/resources/xml-1.zst,19116,0,4
zstd-jni-v1.4.2-1,src/test/resources/xml-1x2.zst,38675,0,1
zstd-jni-v1.4.2-1,src/test/resources/xml-3.zst,17239,0,4
zstd-jni-v1.4.2-1,src/test/resources/xml-6.zst,15979,0,2
zstd-jni-v1.4.2-1,src/test/resources/xml-9.zst,14632,0,2
zstd-jni-v1.4.2-1,src/test/resources/xml_v04.zst,19434,0,0
zstd-jni-v1.4.2-1,src/test/resources/xml_v05.zst,19665,0,0
zstd-jni-v1.4.2-1,src/test/resources/xml_v06.zst,19398,0,0
zstd-jni-v1.4.2-1,src/test/resources/xml_v07.zst,19264,0,0
zstd-jni-v1.4.2-1,src/test/resources/xmlx2,111051,0,0
zstd-jni-v1.4.2-1,src/test/scala/Perf.scala,180,372,7
zstd-jni-v1.4.2-1,src/test/scala/Zstd.scala,693,1492,21
zstd-jni-v1.4.2-1,src/test/scala/ZstdDict.scala,302,1351,5
zstd-jni-v1.4.2-1,src/windows/include/jni_md.h,11,15,2
zstd-jni-v1.4.2-1,src/main/native/common/bitstream.h,396,380,0
zstd-jni-v1.4.2-1,src/main/native/common/compiler.h,130,195,1
zstd-jni-v1.4.2-1,src/main/native/common/cpu.h,203,223,0
zstd-jni-v1.4.2-1,src/main/native/common/debug.c,35,44,0
zstd-jni-v1.4.2-1,src/main/native/common/debug.h,111,156,0
zstd-jni-v1.4.2-1,src/main/native/common/entropy_common.c,208,372,0
zstd-jni-v1.4.2-1,src/main/native/common/error_private.c,51,82,0
zstd-jni-v1.4.2-1,src/main/native/common/error_private.h,57,105,0
zstd-jni-v1.4.2-1,src/main/native/common/fse.h,567,619,0
zstd-jni-v1.4.2-1,src/main/native/common/fse_decompress.c,245,431,0
zstd-jni-v1.4.2-1,src/main/native/common/huf.h,302,657,0
zstd-jni-v1.4.2-1,src/main/native/common/mem.h,326,343,0
zstd-jni-v1.4.2-1,src/main/native/common/pool.c,295,590,0
zstd-jni-v1.4.2-1,src/main/native/common/pool.h,67,160,0
zstd-jni-v1.4.2-1,src/main/native/common/threading.c,60,119,0
zstd-jni-v1.4.2-1,src/main/native/common/threading.h,97,225,0
zstd-jni-v1.4.2-1,src/main/native/common/xxhash.c,719,962,0
zstd-jni-v1.4.2-1,src/main/native/common/xxhash.h,243,405,0
zstd-jni-v1.4.2-1,src/main/native/common/zstd_common.c,67,241,0
zstd-jni-v1.4.2-1,src/main/native/common/zstd_errors.h,83,138,0
zstd-jni-v1.4.2-1,src/main/native/common/zstd_internal.h,317,998,1
zstd-jni-v1.4.2-1,src/main/native/compress/fse_compress.c,606,1038,0
zstd-jni-v1.4.2-1,src/main/native/compress/hist.c,176,225,0
zstd-jni-v1.4.2-1,src/main/native/compress/hist.h,79,113,0
zstd-jni-v1.4.2-1,src/main/native/compress/huf_compress.c,685,1482,0
zstd-jni-v1.4.2-1,src/main/native/compress/zstd_compress.c,3497,16153,1
zstd-jni-v1.4.2-1,src/main/native/compress/zstd_compress_internal.h,823,1209,1
zstd-jni-v1.4.2-1,src/main/native/compress/zstd_compress_literals.c,131,149,0
zstd-jni-v1.4.2-1,src/main/native/compress/zstd_compress_literals.h,22,29,0
zstd-jni-v1.4.2-1,src/main/native/compress/zstd_compress_sequences.c,392,415,0
zstd-jni-v1.4.2-1,src/main/native/compress/zstd_compress_sequences.h,40,47,0
zstd-jni-v1.4.2-1,src/main/native/compress/zstd_double_fast.c,466,999,1
zstd-jni-v1.4.2-1,src/main/native/compress/zstd_double_fast.h,31,60,0
zstd-jni-v1.4.2-1,src/main/native/compress/zstd_fast.c,450,1117,1
zstd-jni-v1.4.2-1,src/main/native/compress/zstd_fast.h,31,63,0
zstd-jni-v1.4.2-1,src/main/native/compress/zstd_lazy.c,978,2181,1
zstd-jni-v1.4.2-1,src/main/native/compress/zstd_lazy.h,57,135,0
zstd-jni-v1.4.2-1,src/main/native/compress/zstd_ldm.c,551,1515,1
zstd-jni-v1.4.2-1,src/main/native/compress/zstd_ldm.h,91,169,0
zstd-jni-v1.4.2-1,src/main/native/compress/zstd_opt.c,1100,3564,1
zstd-jni-v1.4.2-1,src/main/native/compress/zstd_opt.h,45,2285,0
zstd-jni-v1.4.2-1,src/main/native/compress/zstdmt_compress.c,1897,4588,1
zstd-jni-v1.4.2-1,src/main/native/compress/zstdmt_compress.h,150,382,1
zstd-jni-v1.4.2-1,src/main/native/decompress/huf_decompress.c,1049,3460,0
zstd-jni-v1.4.2-1,src/main/native/decompress/zstd_ddict.c,212,248,0
zstd-jni-v1.4.2-1,src/main/native/decompress/zstd_ddict.h,33,44,0
zstd-jni-v1.4.2-1,src/main/native/decompress/zstd_decompress.c,1572,9401,1
zstd-jni-v1.4.2-1,src/main/native/decompress/zstd_decompress_block.c,1184,1434,1
zstd-jni-v1.4.2-1,src/main/native/decompress/zstd_decompress_block.h,47,59,0
zstd-jni-v1.4.2-1,src/main/native/decompress/zstd_decompress_internal.h,146,175,0
zstd-jni-v1.4.2-1,src/main/native/dictBuilder/cover.c,1164,1743,1
zstd-jni-v1.4.2-1,src/main/native/dictBuilder/cover.h,131,153,1
zstd-jni-v1.4.2-1,src/main/native/dictBuilder/divsufsort.c,1718,1919,0
zstd-jni-v1.4.2-1,src/main/native/dictBuilder/divsufsort.h,58,77,0
zstd-jni-v1.4.2-1,src/main/native/dictBuilder/fastcover.c,681,881,1
zstd-jni-v1.4.2-1,src/main/native/dictBuilder/zdict.c,969,2435,1
zstd-jni-v1.4.2-1,src/main/native/dictBuilder/zdict.h,251,800,1
zstd-jni-v1.4.2-1,src/main/native/legacy/zstd_legacy.h,394,461,0
zstd-jni-v1.4.2-1,src/main/native/legacy/zstd_v04.c,3043,5785,1
zstd-jni-v1.4.2-1,src/main/native/legacy/zstd_v04.h,116,230,0
zstd-jni-v1.4.2-1,src/main/native/legacy/zstd_v05.c,3375,6203,1
zstd-jni-v1.4.2-1,src/main/native/legacy/zstd_v05.h,131,266,0
zstd-jni-v1.4.2-1,src/main/native/legacy/zstd_v06.c,3451,5344,1
zstd-jni-v1.4.2-1,src/main/native/legacy/zstd_v06.h,136,326,0
zstd-jni-v1.4.2-1,src/main/native/legacy/zstd_v07.c,3783,5735,1
zstd-jni-v1.4.2-1,src/main/native/legacy/zstd_v07.h,151,327,0
zstd-jni-v1.4.2-1,src/androidTest/java/com/github/luben/zstd/LoadTest.java,23,26,0
zstd-jni-v1.4.2-1,src/main/java/com/github/luben/zstd/SharedDictBase.java,66,76,0
zstd-jni-v1.4.2-1,src/main/java/com/github/luben/zstd/Zstd.java,1177,1888,11
zstd-jni-v1.4.2-1,src/main/java/com/github/luben/zstd/ZstdDictCompress.java,46,110,2
zstd-jni-v1.4.2-1,src/main/java/com/github/luben/zstd/ZstdDictDecompress.java,41,117,3
zstd-jni-v1.4.2-1,src/main/java/com/github/luben/zstd/ZstdDictTrainer.java,57,114,4
zstd-jni-v1.4.2-1,src/main/java/com/github/luben/zstd/ZstdDirectBufferCompressingStream.java,170,264,5
zstd-jni-v1.4.2-1,src/main/java/com/github/luben/zstd/ZstdDirectBufferDecompressingStream.java,110,313,4
zstd-jni-v1.4.2-1,src/main/java/com/github/luben/zstd/ZstdException.java,41,45,1
zstd-jni-v1.4.2-1,src/main/java/com/github/luben/zstd/ZstdInputStream.java,193,1274,18
zstd-jni-v1.4.2-1,src/main/java/com/github/luben/zstd/ZstdOutputStream.java,205,867,14
zstd-jni-v1.4.2-1,src/main/java/com/github/luben/zstd/util/Native.java,119,486,6
